{
	"parsed": {
		"vertexArray": [
			[0.1257,0.240333,0.0376672],
			[0.1257,0.975,0.0376672],
			[0.119367,0.240333,0.044],
			[0.119367,0.975,0.0484336],
			[0.1067,0.975,0.0484336],
			[0.1067,0.240333,0.044],
			[0.100367,0.975,0.0376672],
			[0.100367,0.240333,0.0376672],
			[0.1067,0.240333,0.0275336],
			[0.1067,0.975,0.0275336],
			[0.119367,0.975,0.0275336],
			[0.119367,0.240333,0.0275336],
			[0.113034,0.183333,0.025],
			[0.0623672,0.240333,0.025],
			[0.1637,0.240333,0.025],
			[0.113034,0.025,0.0376672],
			[0.0370336,0.240333,0.0376672],
			[0.189034,0.240333,0.0376672],
			[0.0307,0.094033,0.044],
			[0.025,0.240333,0.0566672],
			[0.195367,0.094033,0.044],
			[0.201067,0.240333,0.0566672],
			[0.0623672,0.044,0.044],
			[0.1637,0.044,0.044]
		],
		"faceArray": [
			[0,1,2],
			[2,3,4],
			[5,4,6],
			[7,6,8],
			[8,9,10],
			[11,10,0],
			[9,6,3],
			[1,3,2],
			[4,5,2],
			[6,7,5],
			[6,9,8],
			[10,11,8],
			[10,1,0],
			[1,10,9],
			[6,4,3],
			[3,1,9],
			[11,8,12],
			[8,7,12],
			[0,11,12],
			[12,2,0],
			[5,2,12],
			[7,5,12],
			[12,13,7],
			[12,0,14],
			[15,13,12],
			[15,12,14],
			[15,16,13],
			[15,14,17],
			[18,19,16],
			[20,17,21],
			[18,16,15],
			[20,17,15],
			[15,18,22],
			[20,15,23],
			[12,8,11],
			[12,7,8],
			[12,11,0],
			[0,2,12],
			[12,2,5],
			[12,5,7],
			[7,13,12],
			[14,0,12],
			[12,13,15],
			[14,12,15],
			[13,16,15],
			[17,14,15],
			[16,19,18],
			[21,17,20],
			[15,16,18],
			[15,17,20],
			[22,18,15],
			[23,15,20]
		],
		"name": "1102.json"
	}
}
