{
	"parsed": {
		"vertexArray": [
			[0.025,0.265327,0.211961],
			[0.975,0.265327,0.201966],
			[0.975,0.177961,0.025],
			[0.025,0.177961,0.025],
			[0.025,0.177113,0.390835],
			[0.975,0.177113,0.390835],
			[0.363155,0.223129,0.254414],
			[0.403586,0.223129,0.254414],
			[0.363155,0.223129,0.210193],
			[0.403586,0.223129,0.210193],
			[0.363155,0.309109,0.254414],
			[0.403586,0.309109,0.254414],
			[0.363155,0.309109,0.210193],
			[0.403586,0.309109,0.210193],
			[0.0261027,0.189709,0.0934509],
			[0.0531197,0.189709,0.0934509],
			[0.0261027,0.189709,0.0540796],
			[0.0531197,0.189709,0.0540796],
			[0.0261027,0.300048,0.0934509],
			[0.0531197,0.300048,0.0934509],
			[0.0261027,0.300048,0.0540796],
			[0.0531197,0.300048,0.0540796],
			[0.975,0.025,0.201966],
			[0.975,0.025,0.035433],
			[0.975,0.167359,0.201966],
			[0.975,0.167359,0.035433],
			[0.975,0.025,0.379384],
			[0.975,0.167359,0.379384],
			[0.025,0.025,0.211042],
			[0.025,0.025,0.035433],
			[0.025,0.167359,0.211042],
			[0.025,0.167359,0.035433],
			[0.025,0.025,0.379384],
			[0.025,0.167359,0.379384],
			[0.025,0.265327,0.211042]
		],
		"faceArray": [
			[0,1,2],
			[2,3,0],
			[1,0,4],
			[4,5,1],
			[10,11,13],
			[13,12,10],
			[6,7,11],
			[11,10,6],
			[7,9,13],
			[13,11,7],
			[9,8,12],
			[12,13,9],
			[8,6,10],
			[10,12,8],
			[18,19,21],
			[21,20,18],
			[14,15,19],
			[19,18,14],
			[15,17,21],
			[21,19,15],
			[17,16,20],
			[20,21,17],
			[16,14,18],
			[18,20,16],
			[22,23,25],
			[25,24,22],
			[22,24,27],
			[27,26,22],
			[24,25,2],
			[2,1,24],
			[27,24,1],
			[1,5,27],
			[29,28,30],
			[30,31,29],
			[30,28,32],
			[32,33,30],
			[31,30,34],
			[34,3,31],
			[30,33,4],
			[4,34,30],
			[32,26,27],
			[27,33,32],
			[23,29,31],
			[31,25,23],
			[25,31,3],
			[3,2,25],
			[33,27,5],
			[5,4,33]
		],
		"name": "423.json"
	}
}
