{
	"parsed": {
		"vertexArray": [
			[0.428326,0.506968,0.416359],
			[0.487274,0.497852,0.387214],
			[0.307021,0.495741,0.328779],
			[0.32358,0.505785,0.382238],
			[0.351913,0.515974,0.548889],
			[0.276741,0.516428,0.444972],
			[0.313862,0.524251,0.676291],
			[0.225369,0.527225,0.532073],
			[0.324896,0.494663,0.975],
			[0.224307,0.524343,0.705215],
			[0.461179,0.459823,0.313041],
			[0.453335,0.330705,0.201908],
			[0.349068,0.381746,0.201263],
			[0.357536,0.45708,0.285542],
			[0.496772,0.480438,0.352926],
			[0.312486,0.487644,0.309377],
			[0.484006,0.225572,0.127874],
			[0.351693,0.319245,0.147172],
			[0.564341,0.025,0.025],
			[0.406634,0.221477,0.0966817],
			[0.218367,0.520376,0.306996],
			[0.219025,0.493855,0.298235],
			[0.227595,0.502532,0.27261],
			[0.3027,0.459417,0.339022],
			[0.31801,0.494415,0.29811],
			[0.307353,0.515021,0.33782],
			[0.371998,0.427536,0.36642],
			[0.405169,0.461125,0.267229],
			[0.369448,0.530197,0.400334],
			[0.470471,0.436537,0.394889],
			[0.490324,0.476155,0.340399],
			[0.474885,0.506008,0.397926],
			[0.681127,0.445242,0.4439],
			[0.688046,0.452248,0.423208],
			[0.680595,0.466657,0.450975],
			[0.927106,0.450154,0.509453],
			[0.146503,0.476839,0.300596],
			[0.174537,0.514266,0.254825],
			[0.164384,0.529474,0.288983],
			[0.312777,0.606166,0.265761],
			[0.025,0.450312,0.281286]
		],
		"faceArray": [
			[0,1,2],
			[2,3,0],
			[3,5,0],
			[5,4,0],
			[4,5,6],
			[5,7,6],
			[6,9,8],
			[6,7,9],
			[10,11,12],
			[12,13,10],
			[14,10,13],
			[13,15,14],
			[16,19,18],
			[16,17,19],
			[11,17,16],
			[11,12,17],
			[21,22,24],
			[20,21,23],
			[22,20,25],
			[23,24,27],
			[25,23,26],
			[24,25,28],
			[26,27,27],
			[26,28,28],
			[27,28,28],
			[26,27,30],
			[28,26,29],
			[27,28,31],
			[29,30,33],
			[31,29,32],
			[30,31,34],
			[35,34,32],
			[35,32,33],
			[34,35,33],
			[22,21,36],
			[21,20,38],
			[39,22,37],
			[39,20,22],
			[20,39,38],
			[39,37,38],
			[38,40,36],
			[40,37,36],
			[38,37,40],
			[21,24,23],
			[20,23,25],
			[22,25,24],
			[23,27,26],
			[25,26,28],
			[24,28,27],
			[26,27,26],
			[26,28,26],
			[27,28,27],
			[26,30,29],
			[28,29,31],
			[27,31,30],
			[29,33,32],
			[31,32,34],
			[30,34,33],
			[22,36,37],
			[21,38,36]
		],
		"name": "43.json"
	}
}
