{
	"parsed": {
		"vertexArray": [
			[0.658333,0.025,0.975],
			[0.658333,0.025,0.025],
			[0.025,0.025,0.025],
			[0.025,0.025,0.975],
			[0.595,0.658333,0.911667],
			[0.595,0.658333,0.0883333],
			[0.0883333,0.658333,0.0883333],
			[0.0883333,0.658333,0.911667],
			[0.341667,0.975,0.911667],
			[0.341667,0.975,0.0883333],
			[0.658333,0.582333,0.975],
			[0.658333,0.582333,0.025],
			[0.025,0.582333,0.025],
			[0.025,0.582333,0.975],
			[0.468333,0.658333,0.5],
			[0.531667,0.658333,0.5],
			[0.531667,0.658333,0.563333],
			[0.468333,0.658333,0.563333],
			[0.468333,0.848333,0.5],
			[0.531667,0.848333,0.5],
			[0.531667,0.848333,0.563333],
			[0.468333,0.848333,0.563333]
		],
		"faceArray": [
			[0,3,2],
			[5,1,2],
			[3,0,4],
			[5,4,0],
			[6,2,3],
			[5,6,9],
			[7,4,8],
			[12,13,8],
			[9,11,10],
			[21,17,14],
			[21,17,16],
			[18,14,15],
			[20,16,15],
			[18,19,20],
			[0,2,1],
			[5,2,6],
			[3,4,7],
			[5,0,1],
			[6,3,7],
			[12,8,9],
			[9,10,8],
			[21,14,18],
			[21,16,20],
			[18,15,19],
			[20,15,19],
			[18,20,21]
		],
		"name": "434.json"
	}
}
