{
	"parsed": {
		"vertexArray": [
			[0.580139,0.975,0.305009],
			[0.578188,0.688455,0.025],
			[0.025,0.688455,0.025],
			[0.578188,0.688455,0.639653],
			[0.0298782,0.975,0.305009],
			[0.025,0.688455,0.639653],
			[0.578188,0.025,0.025],
			[0.578188,0.025,0.639653],
			[0.025,0.025,0.639653],
			[0.025,0.025,0.025]
		],
		"faceArray": [
			[5,3,1],
			[5,1,2],
			[5,8,7],
			[5,7,3],
			[3,7,6],
			[3,6,1],
			[1,6,9],
			[1,9,2],
			[2,9,8],
			[2,8,5],
			[8,9,6],
			[8,6,7],
			[0,4,3],
			[2,4,0],
			[2,5,4],
			[3,1,0],
			[2,0,4],
			[5,3,4],
			[2,0,1]
		],
		"name": "438.json"
	}
}
