{
	"parsed": {
		"vertexArray": [
			[0.025,0.025,0.888636],
			[0.025,0.370455,0.888636],
			[0.327273,0.543182,0.931818],
			[0.327273,0.543182,0.802273],
			[0.456818,0.543182,0.802273],
			[0.456818,0.543182,0.931818],
			[0.715909,0.370455,0.975],
			[0.715909,0.025,0.975],
			[0.456818,0.025,0.975],
			[0.456818,0.025,0.802273],
			[0.327273,0.025,0.802273],
			[0.327273,0.025,0.931818],
			[0.456818,0.370455,0.975],
			[0.456818,0.370455,0.931818],
			[0.327273,0.370455,0.888636],
			[0.327273,0.025,0.888636],
			[0.456818,0.025,0.931818],
			[0.586364,0.456818,0.975],
			[0.715909,0.025,0.715909],
			[0.715909,0.370455,0.715909],
			[0.715909,0.456818,0.845455],
			[0.586364,0.456818,0.845455],
			[0.629545,0.370455,0.715909],
			[0.629545,0.370455,0.284091],
			[0.543182,0.370455,0.284091],
			[0.543182,0.370455,0.025],
			[0.284091,0.370455,0.025],
			[0.629545,0.025,0.715909],
			[0.629545,0.025,0.284091],
			[0.543182,0.025,0.284091],
			[0.543182,0.025,0.025],
			[0.284091,0.025,0.025],
			[0.284091,0.370455,0.284091],
			[0.284091,0.025,0.284091],
			[0.197727,0.370455,0.284091],
			[0.197727,0.025,0.284091],
			[0.197727,0.370455,0.413636],
			[0.197727,0.025,0.413636],
			[0.111364,0.370455,0.413636],
			[0.111364,0.025,0.413636],
			[0.111364,0.370455,0.629545],
			[0.111364,0.025,0.629545],
			[0.025,0.370455,0.629545],
			[0.025,0.025,0.629545],
			[0.025,0.456818,0.759091],
			[0.543182,0.370455,0.715909],
			[0.284091,0.370455,0.629545],
			[0.456818,0.370455,0.888636],
			[0.413636,0.456818,0.759091],
			[0.413636,0.456818,0.025],
			[0.586364,0.456818,0.759091],
			[0.197727,0.370455,0.715909]
		],
		"faceArray": [
			[0,15,14],
			[11,16,5],
			[10,11,2],
			[10,3,4],
			[8,9,4],
			[2,5,4],
			[8,7,6],
			[16,8,12],
			[12,6,17],
			[7,18,19],
			[6,19,20],
			[6,21,17],
			[6,20,21],
			[50,44,1],
			[50,47,12],
			[50,21,20],
			[48,50,22],
			[19,22,50],
			[48,45,25],
			[45,22,23],
			[48,22,45],
			[48,49,26],
			[48,46,40],
			[51,36,38],
			[46,32,34],
			[19,18,27],
			[22,27,28],
			[23,28,29],
			[24,29,30],
			[25,30,31],
			[26,31,33],
			[32,33,35],
			[34,35,37],
			[36,37,39],
			[38,39,41],
			[40,41,43],
			[42,43,0],
			[0,14,1],
			[11,5,2],
			[10,2,3],
			[10,4,9],
			[8,4,5],
			[2,4,3],
			[8,6,12],
			[16,12,13],
			[7,19,6],
			[50,1,47],
			[50,12,17],
			[50,20,19],
			[48,25,49],
			[45,23,24],
			[48,26,46],
			[48,40,42],
			[48,42,44],
			[51,38,40],
			[46,34,51],
			[19,27,22],
			[22,28,23],
			[23,29,24],
			[24,30,25],
			[25,31,26],
			[25,26,49],
			[26,33,32],
			[32,35,34],
			[34,37,36],
			[36,39,38],
			[38,41,40],
			[40,43,42],
			[42,0,1],
			[42,1,44]
		],
		"name": "455.json"
	}
}
