{
	"parsed": {
		"vertexArray": [
			[0.341667,0.658333,0.025],
			[0.658333,0.420833,0.025],
			[0.658333,0.025,0.025],
			[0.025,0.025,0.025],
			[0.025,0.420833,0.025],
			[0.341667,0.658333,0.975],
			[0.658333,0.420833,0.975],
			[0.658333,0.025,0.975],
			[0.025,0.025,0.975],
			[0.025,0.420833,0.975]
		],
		"faceArray": [
			[0,4,3],
			[5,6,7],
			[6,1,2],
			[9,8,3],
			[3,8,7],
			[5,0,1],
			[5,9,4],
			[0,3,2],
			[0,2,1],
			[5,7,8],
			[5,8,9],
			[6,2,7],
			[9,3,4],
			[3,7,2],
			[5,1,6],
			[5,4,0]
		],
		"name": "459.json"
	}
}
