{
	"parsed": {
		"vertexArray": [
			[0.0718841,0.025,0.974081],
			[0.637317,0.025,0.974081],
			[0.0718841,0.326048,0.974081],
			[0.637317,0.325129,0.974081],
			[0.0718841,0.317779,0.0268375],
			[0.636753,0.345648,0.0268375],
			[0.0718841,0.025,0.0268375],
			[0.636753,0.025,0.0268375],
			[0.352624,0.60382,0.974081],
			[0.352624,0.60382,0.0268375],
			[0.154355,0.5,0.974081],
			[0.15492,0.501531,0.0268375],
			[0.550328,0.500919,0.974081],
			[0.56332,0.501225,0.0259188],
			[0.0718841,0.025,0.906093],
			[0.636753,0.025,0.906093],
			[0.634493,0.331254,0.906093],
			[0.550328,0.498162,0.906093],
			[0.352624,0.599533,0.906093],
			[0.15492,0.497244,0.906093],
			[0.0747084,0.331254,0.906093],
			[0.679683,0.285316,0.972244],
			[0.680247,0.285316,0.025],
			[0.0266946,0.234784,0.975],
			[0.025,0.218246,0.0277563]
		],
		"faceArray": [
			[14,15,16],
			[23,10,11],
			[4,11,9],
			[1,7,5],
			[6,0,2],
			[8,12,13],
			[10,8,9],
			[12,21,22],
			[14,16,17],
			[14,17,18],
			[14,18,19],
			[14,19,20],
			[23,11,24],
			[4,9,13],
			[4,13,5],
			[4,5,7],
			[4,7,6],
			[1,5,3],
			[6,2,4],
			[8,13,9],
			[10,9,11],
			[12,22,13]
		],
		"name": "462.json"
	}
}
