{
	"parsed": {
		"vertexArray": [
			[0.803426,0.227854,0.429511],
			[0.881502,0.460931,0.429511],
			[0.95964,0.460931,0.025],
			[0.865955,0.196341,0.025],
			[0.679301,0.321197,0.50782],
			[0.725365,0.460931,0.50782],
			[0.53868,0.429573,0.52276],
			[0.554554,0.460931,0.52276],
			[0.539505,0.430273,0.849755],
			[0.538882,0.460931,0.849755],
			[0.741535,0.289326,0.911848],
			[0.788361,0.460931,0.911848],
			[0.741114,0.289995,0.974346],
			[0.803332,0.460931,0.974346],
			[0.49232,0.460931,0.975],
			[0.617005,0.0874048,0.429511],
			[0.632816,0.025,0.025],
			[0.554616,0.242748,0.50782],
			[0.507571,0.39918,0.52276],
			[0.508069,0.414275,0.849755],
			[0.585865,0.181043,0.911848],
			[0.585616,0.165341,0.974346],
			[0.367635,0.0874048,0.429511],
			[0.351824,0.025,0.025],
			[0.430024,0.242748,0.50782],
			[0.477069,0.39918,0.52276],
			[0.476571,0.414275,0.849755],
			[0.398775,0.181043,0.911848],
			[0.399024,0.165341,0.974346],
			[0.181214,0.227854,0.429511],
			[0.118685,0.196341,0.025],
			[0.305339,0.321197,0.50782],
			[0.44596,0.429573,0.52276],
			[0.445135,0.430273,0.849755],
			[0.243106,0.289326,0.911848],
			[0.243526,0.289995,0.974346],
			[0.103138,0.460931,0.429511],
			[0.025,0.460931,0.025],
			[0.259275,0.460931,0.50782],
			[0.430086,0.460931,0.52276],
			[0.445758,0.460931,0.849755],
			[0.196279,0.460931,0.911848],
			[0.181308,0.460931,0.974346],
			[0.181214,0.694007,0.429511],
			[0.118685,0.725521,0.025],
			[0.305339,0.600665,0.50782],
			[0.44596,0.492289,0.52276],
			[0.445135,0.491589,0.849755],
			[0.243106,0.632536,0.911848],
			[0.243526,0.631867,0.974346],
			[0.367635,0.834457,0.429511],
			[0.351824,0.896862,0.025],
			[0.430024,0.679114,0.50782],
			[0.477069,0.522682,0.52276],
			[0.476571,0.507587,0.849755],
			[0.398775,0.740819,0.911848],
			[0.399024,0.756521,0.974346],
			[0.617005,0.834457,0.429511],
			[0.632816,0.896862,0.025],
			[0.554616,0.679114,0.50782],
			[0.507571,0.522682,0.52276],
			[0.508069,0.507587,0.849755],
			[0.585865,0.740819,0.911848],
			[0.585616,0.756521,0.974346],
			[0.803426,0.694007,0.429511],
			[0.865955,0.725521,0.025],
			[0.679301,0.600665,0.50782],
			[0.53868,0.492289,0.52276],
			[0.539505,0.491589,0.849755],
			[0.741535,0.632536,0.911848],
			[0.741114,0.631867,0.974346]
		],
		"faceArray": [
			[0,1,2],
			[3,0,2],
			[4,5,1],
			[0,4,1],
			[6,7,5],
			[4,6,5],
			[8,9,7],
			[6,8,7],
			[10,11,9],
			[8,10,9],
			[12,13,11],
			[10,12,11],
			[12,14,13],
			[15,0,3],
			[16,15,3],
			[17,4,0],
			[15,17,0],
			[18,6,4],
			[17,18,4],
			[19,8,6],
			[18,19,6],
			[20,10,8],
			[19,20,8],
			[21,12,10],
			[20,21,10],
			[21,14,12],
			[22,15,16],
			[23,22,16],
			[24,17,15],
			[22,24,15],
			[25,18,17],
			[24,25,17],
			[26,19,18],
			[25,26,18],
			[27,20,19],
			[26,27,19],
			[28,21,20],
			[27,28,20],
			[28,14,21],
			[29,22,23],
			[30,29,23],
			[31,24,22],
			[29,31,22],
			[32,25,24],
			[31,32,24],
			[33,26,25],
			[32,33,25],
			[34,27,26],
			[33,34,26],
			[35,28,27],
			[34,35,27],
			[35,14,28],
			[36,29,30],
			[37,36,30],
			[38,31,29],
			[36,38,29],
			[39,32,31],
			[38,39,31],
			[40,33,32],
			[39,40,32],
			[41,34,33],
			[40,41,33],
			[42,35,34],
			[41,42,34],
			[42,14,35],
			[43,36,37],
			[44,43,37],
			[45,38,36],
			[43,45,36],
			[46,39,38],
			[45,46,38],
			[47,40,39],
			[46,47,39],
			[48,41,40],
			[47,48,40],
			[49,42,41],
			[48,49,41],
			[49,14,42],
			[50,43,44],
			[51,50,44],
			[52,45,43],
			[50,52,43],
			[53,46,45],
			[52,53,45],
			[54,47,46],
			[53,54,46],
			[55,48,47],
			[54,55,47],
			[56,49,48],
			[55,56,48],
			[56,14,49],
			[57,50,51],
			[58,57,51],
			[59,52,50],
			[57,59,50],
			[60,53,52],
			[59,60,52],
			[61,54,53],
			[60,61,53],
			[62,55,54],
			[61,62,54],
			[63,56,55],
			[62,63,55],
			[63,14,56],
			[64,57,58],
			[65,64,58],
			[66,59,57],
			[64,66,57],
			[67,60,59],
			[66,67,59],
			[68,61,60],
			[67,68,60],
			[69,62,61],
			[68,69,61],
			[70,63,62],
			[69,70,62],
			[70,14,63],
			[1,64,65],
			[2,1,65],
			[5,66,64],
			[1,5,64],
			[7,67,66],
			[5,7,66],
			[9,68,67],
			[7,9,67],
			[11,69,68],
			[9,11,68],
			[13,70,69],
			[11,13,69],
			[13,14,70],
			[16,3,2],
			[23,16,2],
			[30,23,2],
			[37,30,2],
			[44,37,2],
			[51,44,2],
			[58,51,2],
			[65,58,2]
		],
		"name": "500.json"
	}
}
