{
	"parsed": {
		"vertexArray": [
			[0.130601,0.025,0.281645],
			[0.213389,0.025,0.281645],
			[0.213389,0.68317,0.281645],
			[0.130601,0.68317,0.281645],
			[0.130601,0.025,0.364434],
			[0.213389,0.025,0.364434],
			[0.213389,0.68317,0.364434],
			[0.130601,0.68317,0.364434],
			[0.0250452,0.685654,0.571405],
			[0.0250452,0.685654,0.0332789],
			[0.318945,0.685654,0.0332789],
			[0.318945,0.685654,0.571405],
			[0.171995,0.975,0.571405],
			[0.171995,0.975,0.025],
			[0.0993645,0.958442,0.025],
			[0.0993645,0.958442,0.571405],
			[0.0453139,0.912908,0.025],
			[0.0453139,0.912908,0.571405],
			[0.0250452,0.850817,0.025],
			[0.0250452,0.850817,0.571405],
			[0.0250452,0.68524,0.025],
			[0.0250452,0.68524,0.571405],
			[0.244626,0.958442,0.025],
			[0.244626,0.958442,0.571405],
			[0.298676,0.912908,0.025],
			[0.298676,0.912908,0.571405],
			[0.318945,0.850817,0.025],
			[0.318945,0.850817,0.571405],
			[0.318945,0.68524,0.025],
			[0.318945,0.68524,0.571405],
			[0.337572,0.853493,0.139058],
			[0.337572,0.82714,0.510674],
			[0.337572,0.785849,0.507746],
			[0.337572,0.806346,0.218711],
			[0.337572,0.736152,0.213734],
			[0.337572,0.742008,0.131152],
			[0.0254591,0.68524,0.575545],
			[0.0254591,0.850817,0.575545],
			[0.318531,0.850817,0.575545],
			[0.318531,0.68524,0.575545],
			[0.17195,0.975,0.571405],
			[0.24458,0.958442,0.571411],
			[0.298631,0.912908,0.571416],
			[0.3189,0.850817,0.571417],
			[0.3189,0.68524,0.571417],
			[0.0993194,0.958442,0.571399],
			[0.0452687,0.912908,0.571395],
			[0.025,0.850817,0.571393],
			[0.025,0.68524,0.571393]
		],
		"faceArray": [
			[0,3,1],
			[1,3,2],
			[0,5,4],
			[0,1,5],
			[0,4,3],
			[3,4,7],
			[3,7,6],
			[3,6,2],
			[1,6,5],
			[1,2,6],
			[5,7,4],
			[5,6,7],
			[11,10,9],
			[12,13,14],
			[15,14,16],
			[17,16,18],
			[19,18,20],
			[23,22,13],
			[25,24,22],
			[27,26,24],
			[29,28,26],
			[28,29,21],
			[30,31,32],
			[20,18,16],
			[36,37,38],
			[44,43,42],
			[21,19,17],
			[11,9,8],
			[12,14,15],
			[15,16,17],
			[17,18,19],
			[19,20,21],
			[23,13,12],
			[25,22,23],
			[27,24,25],
			[29,26,27],
			[28,21,20],
			[30,32,33],
			[30,33,34],
			[30,34,35],
			[20,16,14],
			[20,14,13],
			[20,13,22],
			[20,22,24],
			[20,24,26],
			[20,26,28],
			[36,38,39],
			[44,42,41],
			[44,41,40],
			[44,40,45],
			[44,45,46],
			[44,46,47],
			[44,47,48],
			[21,17,15],
			[21,15,12],
			[21,12,23],
			[21,23,25],
			[21,25,27],
			[21,27,29]
		],
		"name": "514.json"
	}
}
