{
	"parsed": {
		"vertexArray": [
			[0.225338,0.749882,0.430285],
			[0.225338,0.975,0.430285],
			[0.225463,0.975,0.272702],
			[0.225463,0.929976,0.272702],
			[0.225355,0.929976,0.407773],
			[0.225355,0.749882,0.407773],
			[0.0317536,0.794905,0.0250717],
			[0.0389573,0.760687,0.025099],
			[0.0578673,0.731872,0.0251219],
			[0.0875829,0.712062,0.0251377],
			[0.121801,0.704858,0.0251434],
			[0.156019,0.712062,0.0251377],
			[0.184834,0.730972,0.0251226],
			[0.204645,0.760687,0.025099],
			[0.211848,0.794905,0.0250717],
			[0.211848,0.884953,0.025],
			[0.0317536,0.884953,0.025],
			[0.0317536,0.795264,0.475309],
			[0.0389573,0.761046,0.475336],
			[0.0578673,0.732231,0.475359],
			[0.0875829,0.71242,0.475374],
			[0.121801,0.705216,0.47538],
			[0.156019,0.71242,0.475374],
			[0.184834,0.73133,0.475359],
			[0.204645,0.761046,0.475336],
			[0.211848,0.795264,0.475309],
			[0.211848,0.885311,0.475237],
			[0.0317536,0.885311,0.475237],
			[0.211848,0.795049,0.497892],
			[0.204699,0.760819,0.497865],
			[0.185835,0.731974,0.497842],
			[0.156151,0.712116,0.497826],
			[0.121944,0.704858,0.497821],
			[0.0877149,0.712007,0.497826],
			[0.0588697,0.730871,0.497841],
			[0.0390119,0.760555,0.497865],
			[0.0317537,0.794762,0.497892],
			[0.0316103,0.884809,0.497964],
			[0.211705,0.885096,0.497964],
			[0.211848,0.795067,0.475381],
			[0.204699,0.760837,0.475353],
			[0.185835,0.731992,0.47533],
			[0.156151,0.712134,0.475314],
			[0.121944,0.704876,0.475309],
			[0.0877149,0.712025,0.475314],
			[0.0588697,0.730889,0.475329],
			[0.0390119,0.760573,0.475353],
			[0.0317537,0.79478,0.47538],
			[0.0316103,0.884827,0.475452],
			[0.211705,0.885114,0.475452],
			[0.025,0.680095,0.0250717],
			[0.218602,0.680095,0.0250717],
			[0.218602,0.702607,0.0250717],
			[0.025,0.702607,0.0250717],
			[0.025,0.680095,0.520332],
			[0.218602,0.680095,0.520332],
			[0.218602,0.702607,0.520332],
			[0.025,0.702607,0.520332],
			[0.0767772,0.025,0.227678],
			[0.166825,0.025,0.227678],
			[0.166825,0.700355,0.227678],
			[0.0767772,0.700355,0.227678],
			[0.0767772,0.025,0.317726],
			[0.166825,0.025,0.317726],
			[0.166825,0.700355,0.317726],
			[0.0767772,0.700355,0.317726],
			[0.0317536,0.72737,0.497821],
			[0.211848,0.72737,0.497821],
			[0.211848,0.72737,0.0475836],
			[0.0317536,0.72737,0.0475836]
		],
		"faceArray": [
			[4,0,5],
			[1,0,4],
			[1,4,2],
			[4,3,2],
			[8,7,6],
			[9,8,6],
			[10,9,6],
			[11,10,6],
			[12,11,6],
			[13,12,6],
			[14,13,6],
			[15,14,6],
			[16,15,6],
			[6,18,17],
			[6,7,18],
			[7,19,18],
			[7,8,19],
			[8,20,19],
			[8,9,20],
			[9,21,20],
			[9,10,21],
			[10,22,21],
			[10,11,22],
			[11,23,22],
			[11,12,23],
			[12,24,23],
			[12,13,24],
			[13,25,24],
			[13,14,25],
			[14,26,25],
			[14,15,26],
			[15,27,26],
			[15,16,27],
			[16,17,27],
			[16,6,17],
			[17,18,19],
			[17,19,20],
			[17,20,21],
			[17,21,22],
			[17,22,23],
			[17,23,24],
			[17,24,25],
			[17,25,26],
			[17,26,27],
			[30,29,28],
			[31,30,28],
			[32,31,28],
			[33,32,28],
			[34,33,28],
			[35,34,28],
			[36,35,28],
			[37,36,28],
			[38,37,28],
			[28,40,39],
			[28,29,40],
			[29,41,40],
			[29,30,41],
			[30,42,41],
			[30,31,42],
			[31,43,42],
			[31,32,43],
			[32,44,43],
			[32,33,44],
			[33,45,44],
			[33,34,45],
			[34,46,45],
			[34,35,46],
			[35,47,46],
			[35,36,47],
			[36,48,47],
			[36,37,48],
			[37,49,48],
			[37,38,49],
			[38,39,49],
			[38,28,39],
			[39,40,41],
			[39,41,42],
			[39,42,43],
			[39,43,44],
			[39,44,45],
			[39,45,46],
			[39,46,47],
			[39,47,48],
			[39,48,49],
			[50,53,51],
			[51,53,52],
			[50,55,54],
			[50,51,55],
			[50,54,53],
			[53,54,57],
			[53,57,56],
			[53,56,52],
			[51,56,55],
			[51,52,56],
			[55,57,54],
			[55,56,57],
			[58,61,59],
			[59,61,60],
			[58,63,62],
			[58,59,63],
			[58,62,61],
			[61,62,65],
			[61,65,64],
			[61,64,60],
			[59,64,63],
			[59,60,64],
			[63,65,62],
			[63,64,65],
			[66,67,68],
			[66,68,69]
		],
		"name": "516.json"
	}
}
