{
	"parsed": {
		"vertexArray": [
			[0.025,0.859364,0.1088],
			[0.236111,0.859365,0.1088],
			[0.236111,0.816666,0.0777778],
			[0.0250002,0.816666,0.0777778],
			[0.0250001,0.832975,0.127972],
			[0.236111,0.832976,0.127972],
			[0.0250003,0.800357,0.127972],
			[0.236111,0.800357,0.127972],
			[0.0250004,0.773968,0.1088],
			[0.236111,0.773968,0.1088],
			[0.0250004,0.763888,0.0777778],
			[0.236111,0.763889,0.0777778],
			[0.0250004,0.773968,0.0467558],
			[0.236111,0.773968,0.0467558],
			[0.0250003,0.800357,0.0275831],
			[0.236111,0.800357,0.0275831],
			[0.0250001,0.832975,0.0275831],
			[0.236111,0.832976,0.0275831],
			[0.025,0.859364,0.0467558],
			[0.236111,0.859365,0.0467558],
			[0.025,0.869443,0.0777778],
			[0.236111,0.869444,0.0777778],
			[0.236112,0.711111,0.025],
			[0.236111,0.816666,0.025],
			[0.0250002,0.816666,0.025],
			[0.0250006,0.71111,0.025],
			[0.236112,0.711111,0.130556],
			[0.236111,0.816666,0.130556],
			[0.0250002,0.816666,0.130556],
			[0.0250006,0.71111,0.130556],
			[0.183334,0.755972,0.130556],
			[0.183334,0.771805,0.130556],
			[0.0777781,0.771805,0.130556],
			[0.0777782,0.755971,0.130556],
			[0.183334,0.755972,0.132667],
			[0.183334,0.771805,0.132667],
			[0.0777781,0.771805,0.132667],
			[0.0777782,0.755971,0.132667],
			[0.199167,0.740139,0.130556],
			[0.199167,0.771805,0.130556],
			[0.1675,0.771805,0.130556],
			[0.1675,0.740138,0.130556],
			[0.199167,0.740139,0.132667],
			[0.199167,0.771805,0.132667],
			[0.1675,0.771805,0.132667],
			[0.1675,0.740138,0.132667],
			[0.288892,0.0250002,0.0513889],
			[0.288888,0.975,0.0513889],
			[0.236111,0.975,0.0513889],
			[0.236114,0.025,0.0513889],
			[0.288892,0.0250002,0.104167],
			[0.288888,0.975,0.104167],
			[0.236111,0.975,0.104167],
			[0.236114,0.025,0.104167],
			[0.394445,0.658334,0.0513889],
			[0.394445,0.711112,0.0513889],
			[0.0250006,0.71111,0.0513889],
			[0.0250008,0.658332,0.0513889],
			[0.394445,0.658334,0.104167],
			[0.394445,0.711112,0.104167],
			[0.0250006,0.71111,0.104167],
			[0.0250008,0.658332,0.104167],
			[0.236658,0.563582,0.0513889],
			[0.26196,0.609899,0.0513889],
			[0.0766925,0.71111,0.0513889],
			[0.0513897,0.664793,0.0513889],
			[0.236658,0.563582,0.104167],
			[0.26196,0.609899,0.104167],
			[0.0766925,0.71111,0.104167],
			[0.0513897,0.664793,0.104167]
		],
		"faceArray": [
			[20,0,21],
			[0,1,21],
			[2,21,1],
			[3,0,20],
			[0,4,1],
			[4,5,1],
			[2,1,5],
			[3,4,0],
			[4,6,5],
			[6,7,5],
			[2,5,7],
			[3,6,4],
			[6,8,7],
			[8,9,7],
			[2,7,9],
			[3,8,6],
			[8,10,9],
			[10,11,9],
			[2,9,11],
			[3,10,8],
			[10,12,11],
			[12,13,11],
			[2,11,13],
			[3,12,10],
			[12,14,13],
			[14,15,13],
			[2,13,15],
			[3,14,12],
			[14,16,15],
			[16,17,15],
			[2,15,17],
			[3,16,14],
			[16,18,17],
			[18,19,17],
			[2,17,19],
			[3,18,16],
			[18,20,19],
			[20,21,19],
			[2,19,21],
			[3,20,18],
			[22,25,23],
			[23,25,24],
			[22,27,26],
			[22,23,27],
			[22,26,25],
			[25,26,29],
			[25,29,28],
			[25,28,24],
			[23,28,27],
			[23,24,28],
			[27,29,26],
			[27,28,29],
			[30,33,31],
			[31,33,32],
			[30,35,34],
			[30,31,35],
			[30,34,33],
			[33,34,37],
			[33,37,36],
			[33,36,32],
			[31,36,35],
			[31,32,36],
			[35,37,34],
			[35,36,37],
			[38,41,39],
			[39,41,40],
			[38,43,42],
			[38,39,43],
			[38,42,41],
			[41,42,45],
			[41,45,44],
			[41,44,40],
			[39,44,43],
			[39,40,44],
			[43,45,42],
			[43,44,45],
			[46,49,47],
			[47,49,48],
			[46,51,50],
			[46,47,51],
			[46,50,49],
			[49,50,53],
			[49,53,52],
			[49,52,48],
			[47,52,51],
			[47,48,52],
			[51,53,50],
			[51,52,53],
			[54,57,55],
			[55,57,56],
			[54,59,58],
			[54,55,59],
			[54,58,57],
			[57,58,61],
			[57,61,60],
			[57,60,56],
			[55,60,59],
			[55,56,60],
			[59,61,58],
			[59,60,61],
			[62,65,63],
			[63,65,64],
			[62,67,66],
			[62,63,67],
			[62,66,65],
			[65,66,69],
			[65,69,68],
			[65,68,64],
			[63,68,67],
			[63,64,68],
			[67,69,66],
			[67,68,69]
		],
		"name": "517.json"
	}
}
