{
	"parsed": {
		"vertexArray": [
			[0.454485,0.875867,0.409059],
			[0.487794,0.940909,0.442278],
			[0.45876,0.975,0.413245],
			[0.429726,0.940909,0.384211],
			[0.393106,0.875867,0.347681],
			[0.513424,0.160838,0.438354],
			[0.527202,0.025,0.481687],
			[0.615957,0.160838,0.525106],
			[0.454485,0.875867,0.141047],
			[0.487794,0.940909,0.107738],
			[0.45876,0.975,0.136772],
			[0.429726,0.940909,0.165806],
			[0.393106,0.875867,0.202425],
			[0.513424,0.160838,0.111752],
			[0.527202,0.025,0.0683295],
			[0.615957,0.160838,0.025],
			[0.186472,0.875867,0.141047],
			[0.153253,0.940909,0.107738],
			[0.182287,0.975,0.136772],
			[0.211321,0.940909,0.165806],
			[0.247851,0.875867,0.202425],
			[0.127619,0.160838,0.111752],
			[0.113845,0.025,0.0683295],
			[0.025,0.160838,0.025],
			[0.186472,0.875867,0.409059],
			[0.153253,0.940909,0.442278],
			[0.182287,0.975,0.413245],
			[0.211321,0.940909,0.384211],
			[0.247851,0.875867,0.347681],
			[0.127619,0.160838,0.438354],
			[0.113845,0.025,0.481687],
			[0.025,0.160838,0.525106]
		],
		"faceArray": [
			[9,1,0],
			[8,9,0],
			[10,2,1],
			[9,10,1],
			[11,3,2],
			[10,11,2],
			[12,4,3],
			[11,12,3],
			[13,5,4],
			[12,13,4],
			[14,6,5],
			[13,14,5],
			[15,7,6],
			[14,15,6],
			[8,0,7],
			[15,8,7],
			[17,9,8],
			[16,17,8],
			[18,10,9],
			[17,18,9],
			[19,11,10],
			[18,19,10],
			[20,12,11],
			[19,20,11],
			[21,13,12],
			[20,21,12],
			[22,14,13],
			[21,22,13],
			[23,15,14],
			[22,23,14],
			[16,8,15],
			[23,16,15],
			[25,17,16],
			[24,25,16],
			[26,18,17],
			[25,26,17],
			[27,19,18],
			[26,27,18],
			[28,20,19],
			[27,28,19],
			[29,21,20],
			[28,29,20],
			[30,22,21],
			[29,30,21],
			[31,23,22],
			[30,31,22],
			[24,16,23],
			[31,24,23],
			[1,25,24],
			[0,1,24],
			[2,26,25],
			[1,2,25],
			[3,27,26],
			[2,3,26],
			[4,28,27],
			[3,4,27],
			[5,29,28],
			[4,5,28],
			[6,30,29],
			[5,6,29],
			[7,31,30],
			[6,7,30],
			[0,24,31],
			[7,0,31],
			[30,22,6],
			[22,14,6],
			[21,29,5],
			[13,21,5]
		],
		"name": "533.json"
	}
}
