{
	"parsed": {
		"vertexArray": [
			[0.130556,0.341667,0.864167],
			[0.658333,0.341667,0.864167],
			[0.658333,0.869444,0.864167],
			[0.130556,0.869444,0.864167],
			[0.130556,0.341667,0.874722],
			[0.658333,0.341667,0.874722],
			[0.658333,0.869444,0.874722],
			[0.130556,0.869444,0.874722],
			[0.025,0.341667,0.605556],
			[0.025,0.869444,0.605556],
			[0.025,0.341667,0.922222],
			[0.130556,0.341667,0.922222],
			[0.130556,0.869444,0.922222],
			[0.025,0.869444,0.922222],
			[0.763889,0.341667,0.605556],
			[0.763889,0.869444,0.605556],
			[0.658333,0.341667,0.922222],
			[0.763889,0.341667,0.922222],
			[0.763889,0.869444,0.922222],
			[0.658333,0.869444,0.922222],
			[0.763889,0.975,0.605556],
			[0.025,0.975,0.605556],
			[0.763889,0.975,0.922222],
			[0.025,0.975,0.922222],
			[0.025,0.236111,0.605556],
			[0.763889,0.236111,0.605556],
			[0.025,0.236111,0.922222],
			[0.763889,0.236111,0.922222],
			[0.130556,0.341667,0.0777778],
			[0.658333,0.341667,0.0777778],
			[0.658333,0.869444,0.0777778],
			[0.130556,0.869444,0.0777778],
			[0.130556,0.341667,0.605556],
			[0.658333,0.341667,0.605556],
			[0.658333,0.869444,0.605556],
			[0.130556,0.869444,0.605556],
			[0.394444,0.579167,0.368056],
			[0.650633,0.0513889,0.554188],
			[0.394444,0.0513889,0.368056],
			[0.4923,0.0513889,0.669223],
			[0.296589,0.0513889,0.669223],
			[0.138256,0.0513889,0.554188],
			[0.0777778,0.0513889,0.368056],
			[0.138256,0.0513889,0.181924],
			[0.296589,0.0513889,0.0668877],
			[0.4923,0.0513889,0.0668877],
			[0.650633,0.0513889,0.181924],
			[0.711111,0.0513889,0.368056],
			[0.0513889,0.025,0.025],
			[0.7375,0.025,0.025],
			[0.7375,0.0777778,0.025],
			[0.0513889,0.0777778,0.025],
			[0.0513889,0.025,0.711111],
			[0.7375,0.025,0.711111],
			[0.7375,0.0777778,0.711111],
			[0.0513889,0.0777778,0.711111]
		],
		"faceArray": [
			[0,3,1],
			[1,3,2],
			[0,5,4],
			[0,1,5],
			[0,4,3],
			[3,4,7],
			[3,7,6],
			[3,6,2],
			[1,6,5],
			[1,2,6],
			[5,7,4],
			[5,6,7],
			[8,9,32],
			[32,9,35],
			[8,11,10],
			[8,32,11],
			[8,10,9],
			[9,10,13],
			[9,13,12],
			[9,12,35],
			[32,12,11],
			[32,35,12],
			[11,13,10],
			[11,12,13],
			[33,34,14],
			[14,34,15],
			[33,17,16],
			[33,14,17],
			[33,16,34],
			[34,16,19],
			[34,19,18],
			[34,18,15],
			[14,18,17],
			[14,15,18],
			[17,19,16],
			[17,18,19],
			[9,21,15],
			[15,21,20],
			[9,18,13],
			[9,15,18],
			[9,13,21],
			[21,13,23],
			[21,23,22],
			[21,22,20],
			[15,22,18],
			[15,20,22],
			[18,23,13],
			[18,22,23],
			[24,8,25],
			[25,8,14],
			[24,27,26],
			[24,25,27],
			[24,26,8],
			[8,26,10],
			[8,10,17],
			[8,17,14],
			[25,17,27],
			[25,14,17],
			[27,10,26],
			[27,17,10],
			[28,31,29],
			[29,31,30],
			[28,33,32],
			[28,29,33],
			[28,32,31],
			[31,32,35],
			[31,35,34],
			[31,34,30],
			[29,34,33],
			[29,30,34],
			[33,35,32],
			[33,34,35],
			[36,37,47],
			[38,47,37],
			[36,39,37],
			[38,37,39],
			[36,40,39],
			[38,39,40],
			[36,41,40],
			[38,40,41],
			[36,42,41],
			[38,41,42],
			[36,43,42],
			[38,42,43],
			[36,44,43],
			[38,43,44],
			[36,45,44],
			[38,44,45],
			[36,46,45],
			[38,45,46],
			[36,47,46],
			[38,46,47],
			[48,51,49],
			[49,51,50],
			[48,53,52],
			[48,49,53],
			[48,52,51],
			[51,52,55],
			[51,55,54],
			[51,54,50],
			[49,54,53],
			[49,50,54],
			[53,55,52],
			[53,54,55]
		],
		"name": "548.json"
	}
}
