{
	"parsed": {
		"vertexArray": [
			[0.025,0.025,0.975],
			[0.908721,0.025,0.975],
			[0.908721,0.820349,0.975],
			[0.025,0.820349,0.975],
			[0.025,0.025,0.75407],
			[0.908721,0.025,0.75407],
			[0.908721,0.820349,0.75407],
			[0.025,0.820349,0.75407],
			[0.135465,0.025,0.53314],
			[0.798256,0.025,0.53314],
			[0.798256,0.709884,0.53314],
			[0.135465,0.709884,0.53314],
			[0.135465,0.047093,0.025],
			[0.798256,0.047093,0.025],
			[0.798256,0.665698,0.025],
			[0.135465,0.665698,0.025]
		],
		"faceArray": [
			[0,1,2],
			[4,0,3],
			[1,5,6],
			[3,2,6],
			[8,9,5],
			[8,4,7],
			[5,9,10],
			[7,6,10],
			[12,8,11],
			[9,13,14],
			[15,11,10],
			[13,9,8],
			[13,12,15],
			[0,2,3],
			[4,3,7],
			[1,6,2],
			[3,6,7],
			[8,5,1],
			[8,1,0],
			[8,0,4],
			[8,7,11],
			[5,10,6],
			[7,10,11],
			[12,11,15],
			[9,14,10],
			[15,10,14],
			[13,8,12],
			[13,15,14]
		],
		"name": "557.json"
	}
}
