{
	"parsed": {
		"vertexArray": [
			[0.947857,0.920714,0.947857],
			[0.947857,0.106429,0.947857],
			[0.947857,0.106429,0.025],
			[0.947857,0.920714,0.025],
			[0.459286,0.839286,0.866429],
			[0.459286,0.133571,0.866429],
			[0.459286,0.133571,0.106429],
			[0.459286,0.839286,0.106429],
			[0.025,0.798571,0.852857],
			[0.025,0.147143,0.852857],
			[0.025,0.147143,0.12],
			[0.025,0.798571,0.12],
			[0.812143,0.242143,0.649286],
			[0.486429,0.242143,0.649286],
			[0.486429,0.242143,0.323571],
			[0.812143,0.242143,0.323571],
			[0.866429,0.025,0.703571],
			[0.432143,0.025,0.703571],
			[0.432143,0.025,0.269286],
			[0.866429,0.025,0.269286],
			[0.947857,0.818929,0.873214],
			[0.947857,0.818929,0.0996429],
			[0.975,0.676429,0.703571],
			[0.975,0.676429,0.269286],
			[0.975,0.350714,0.703571],
			[0.975,0.350714,0.269286],
			[0.947857,0.208214,0.873214],
			[0.947857,0.208214,0.0996429]
		],
		"faceArray": [
			[0,1,2],
			[0,4,5],
			[7,3,2],
			[3,7,4],
			[6,2,1],
			[4,8,9],
			[11,7,6],
			[7,11,8],
			[10,6,5],
			[11,10,9],
			[12,13,17],
			[14,15,19],
			[15,12,16],
			[13,14,18],
			[16,17,18],
			[21,20,22],
			[22,20,26],
			[23,22,24],
			[21,23,25],
			[25,24,26],
			[0,2,3],
			[0,5,1],
			[7,2,6],
			[3,4,0],
			[6,1,5],
			[4,9,5],
			[11,6,10],
			[7,8,4],
			[10,5,9],
			[11,9,8],
			[12,17,16],
			[14,19,18],
			[15,16,19],
			[13,18,17],
			[16,18,19],
			[21,22,23],
			[22,26,24],
			[23,24,25],
			[21,25,27],
			[25,26,27]
		],
		"name": "558.json"
	}
}
