{
	"parsed": {
		"vertexArray": [
			[0.0654122,0.442942,0.394226],
			[0.934484,0.442942,0.394226],
			[0.934484,0.951452,0.394226],
			[0.0654122,0.951452,0.394226],
			[0.934484,0.442942,0.388283],
			[0.0654122,0.442942,0.388283],
			[0.0654122,0.951452,0.388283],
			[0.934484,0.951452,0.388283],
			[0.960606,0.0489515,0.384814],
			[0.0393939,0.0489515,0.384814],
			[0.0393939,0.0489515,0.0393939],
			[0.960606,0.0489515,0.0393939],
			[0.960606,0.970164,0.384814],
			[0.960606,0.970164,0.0393939],
			[0.0393939,0.970164,0.0393939],
			[0.0393939,0.970164,0.384814],
			[0.0612727,0.432406,0.384814],
			[0.938612,0.432406,0.384814],
			[0.938612,0.946442,0.384814],
			[0.0612727,0.946442,0.384814],
			[0.0612727,0.432406,0.111939],
			[0.938612,0.432406,0.111939],
			[0.0612727,0.946442,0.111939],
			[0.938612,0.946442,0.111939],
			[0.943192,0.437795,0.410889],
			[0.0565521,0.437795,0.410889],
			[0.0565521,0.437795,0.372459],
			[0.943192,0.437795,0.372459],
			[0.943192,0.956668,0.410889],
			[0.943192,0.956668,0.372459],
			[0.0565521,0.956668,0.372459],
			[0.0565521,0.956668,0.410889],
			[0.076309,0.450632,0.347663],
			[0.922435,0.450632,0.347663],
			[0.922435,0.945772,0.347663],
			[0.076309,0.945772,0.347663],
			[0.076309,0.450632,0.387633],
			[0.922435,0.450632,0.387633],
			[0.922435,0.945772,0.387633],
			[0.076309,0.945772,0.387633],
			[0.915299,0.202485,0.407897],
			[0.0845819,0.202485,0.407897],
			[0.0513491,0.194964,0.305004],
			[0.948531,0.194964,0.305004],
			[0.915299,0.390542,0.407897],
			[0.948531,0.398056,0.305004],
			[0.0513491,0.398056,0.305004],
			[0.0845819,0.390542,0.407897],
			[0.975,0.025,0.399208],
			[0.025,0.025,0.399208],
			[0.025,0.025,0.025],
			[0.975,0.025,0.025],
			[0.961182,0.183333,0.393761],
			[0.961182,0.183333,0.0304121],
			[0.0388182,0.183333,0.0304121],
			[0.0388182,0.183333,0.393761],
			[0.975,0.0729836,0.025],
			[0.975,0.0729836,0.399208],
			[0.975,0.171588,0.025],
			[0.975,0.171588,0.399208],
			[0.025,0.0729836,0.025],
			[0.025,0.171588,0.025],
			[0.025,0.0729836,0.399208],
			[0.025,0.171588,0.399208]
		],
		"faceArray": [
			[0,1,2],
			[2,3,0],
			[4,5,6],
			[6,7,4],
			[8,9,10],
			[10,11,8],
			[12,13,14],
			[14,15,12],
			[8,11,13],
			[13,12,8],
			[11,10,14],
			[14,13,11],
			[10,9,15],
			[15,14,10],
			[9,8,16],
			[8,12,17],
			[16,8,17],
			[18,12,15],
			[17,12,18],
			[15,9,16],
			[18,15,19],
			[15,16,19],
			[20,21,22],
			[23,22,21],
			[20,16,21],
			[17,21,16],
			[21,17,23],
			[22,23,18],
			[17,18,23],
			[19,22,18],
			[22,19,20],
			[19,16,20],
			[24,25,26],
			[26,27,24],
			[28,29,30],
			[30,31,28],
			[24,27,29],
			[29,28,24],
			[26,25,31],
			[31,30,26],
			[27,26,32],
			[26,30,32],
			[27,32,33],
			[29,27,33],
			[29,34,30],
			[30,34,35],
			[32,30,35],
			[33,34,29],
			[25,24,36],
			[24,28,37],
			[37,36,24],
			[38,37,28],
			[31,25,36],
			[31,39,28],
			[28,39,38],
			[36,39,31],
			[37,33,32],
			[32,36,37],
			[34,33,38],
			[33,37,38],
			[34,38,39],
			[34,39,35],
			[35,39,32],
			[32,39,36],
			[40,41,42],
			[42,43,40],
			[44,45,46],
			[46,47,44],
			[40,43,45],
			[45,44,40],
			[43,42,46],
			[46,45,43],
			[42,41,47],
			[47,46,42],
			[41,40,44],
			[44,47,41],
			[48,49,50],
			[50,51,48],
			[52,53,54],
			[54,55,52],
			[48,51,56],
			[56,57,48],
			[57,56,58],
			[58,59,57],
			[59,58,53],
			[53,52,59],
			[51,50,60],
			[60,56,51],
			[56,60,61],
			[61,58,56],
			[58,61,54],
			[54,53,58],
			[50,49,62],
			[62,60,50],
			[60,62,63],
			[63,61,60],
			[61,63,55],
			[55,54,61],
			[49,48,57],
			[57,62,49],
			[62,57,59],
			[59,63,62],
			[63,59,52],
			[52,55,63]
		],
		"name": "568.json"
	}
}
