{
	"parsed": {
		"vertexArray": [
			[0.025,0.025,0.025],
			[0.025,0.0435546,0.025],
			[0.0992186,0.025,0.025],
			[0.025,0.0435546,0.0992189],
			[0.025,0.025,0.0992189],
			[0.0992186,0.0435546,0.0992189],
			[0.0992186,0.025,0.0992189],
			[0.0992186,0.0435546,0.025],
			[0.0435546,0.0435546,0.0621095],
			[0.0530176,0.952734,0.0621097],
			[0.0567285,0.952734,0.0546877],
			[0.052832,0.0435546,0.0459669],
			[0.0713868,0.0435546,0.0459669],
			[0.0676757,0.952734,0.0546877],
			[0.0806641,0.0435546,0.0621095],
			[0.0712012,0.952734,0.0621097],
			[0.0676757,0.952734,0.069346],
			[0.0713868,0.0435546,0.0780664],
			[0.0567285,0.952734,0.069346],
			[0.052832,0.0435546,0.0780664],
			[0.0658204,0.947168,0.149317],
			[0.0583984,0.947168,0.149317],
			[0.0550586,0.952734,0.130947],
			[0.0439257,0.952734,0.154697],
			[0.0804785,0.952734,0.154697],
			[0.0693458,0.952734,0.130947],
			[0.0676757,0.947168,0.168057],
			[0.0563574,0.947168,0.168057],
			[0.0491211,0.952734,0.184199],
			[0.076582,0.952734,0.182344],
			[0.0621095,0.952734,0.192178],
			[0.0621095,0.947168,0.171582],
			[0.052832,0.952734,0.0992189],
			[0.052832,0.952734,0.0528323],
			[0.0713868,0.952734,0.0528323],
			[0.0435548,0.952734,0.191993],
			[0.0342775,0.952734,0.154883],
			[0.0621095,0.952734,0.20127],
			[0.0806641,0.952734,0.191993],
			[0.0899414,0.952734,0.154883],
			[0.0435548,0.952734,0.117774],
			[0.0713868,0.952734,0.0992189],
			[0.056543,0.975,0.0602541],
			[0.0676757,0.975,0.0602541],
			[0.0676757,0.975,0.0992189],
			[0.0806641,0.952734,0.117774],
			[0.0806641,0.975,0.117774],
			[0.0899414,0.975,0.154883],
			[0.0621095,0.975,0.20127],
			[0.0435548,0.975,0.191993],
			[0.0342775,0.975,0.154883],
			[0.056543,0.975,0.0992189],
			[0.0435548,0.975,0.117774],
			[0.0806641,0.975,0.191993]
		],
		"faceArray": [
			[0,1,2],
			[3,1,4],
			[5,3,6],
			[7,5,2],
			[3,5,7],
			[1,7,2],
			[1,0,4],
			[3,4,6],
			[5,6,2],
			[7,1,3],
			[6,4,0],
			[8,9,10],
			[11,10,12],
			[12,13,14],
			[14,15,16],
			[17,16,18],
			[19,18,8],
			[10,11,8],
			[10,13,12],
			[13,15,14],
			[16,17,14],
			[18,19,17],
			[18,9,8],
			[20,21,22],
			[22,21,23],
			[24,20,25],
			[26,20,24],
			[23,21,27],
			[23,27,28],
			[29,26,24],
			[30,31,29],
			[28,27,31],
			[27,20,26],
			[22,25,20],
			[31,26,29],
			[31,30,28],
			[26,31,27],
			[27,21,20],
			[32,33,34],
			[35,36,28],
			[37,35,30],
			[38,37,30],
			[38,29,39],
			[22,40,41],
			[36,40,22],
			[39,24,25],
			[34,33,42],
			[42,33,32],
			[41,34,43],
			[44,43,42],
			[45,46,39],
			[39,47,38],
			[48,37,38],
			[35,37,48],
			[35,49,36],
			[36,50,40],
			[45,44,46],
			[41,44,45],
			[51,32,40],
			[52,51,40],
			[44,51,50],
			[47,49,48],
			[34,41,32],
			[36,23,28],
			[35,28,30],
			[30,29,38],
			[29,24,39],
			[45,25,22],
			[40,32,41],
			[41,45,22],
			[22,23,36],
			[25,45,39],
			[42,43,34],
			[32,51,42],
			[43,44,41],
			[42,51,44],
			[46,47,39],
			[47,53,38],
			[38,53,48],
			[48,49,35],
			[49,50,36],
			[50,52,40],
			[47,46,44],
			[51,52,50],
			[50,47,44],
			[48,53,47],
			[47,50,49],
			[6,0,2]
		],
		"name": "622.json"
	}
}
