{
	"parsed": {
		"vertexArray": [
			[0.0615385,0.025,0.025],
			[0.134615,0.025,0.025],
			[0.134615,0.0980769,0.025],
			[0.0615385,0.0980769,0.025],
			[0.0615385,0.025,0.0980769],
			[0.134615,0.025,0.0980769],
			[0.134615,0.0980769,0.0980769],
			[0.0615385,0.0980769,0.0980769],
			[0.0798077,0.0980769,0.0432692],
			[0.116346,0.0980769,0.0432692],
			[0.116346,0.975,0.0432692],
			[0.0798077,0.975,0.0432692],
			[0.0798077,0.0980769,0.0798077],
			[0.116346,0.0980769,0.0798077],
			[0.116346,0.975,0.0798077],
			[0.0798077,0.975,0.0798077],
			[0.0889423,0.929327,0.0798077],
			[0.107212,0.929327,0.0798077],
			[0.107212,0.947596,0.0798077],
			[0.0889423,0.947596,0.0798077],
			[0.0889423,0.929327,0.225962],
			[0.107212,0.929327,0.225962],
			[0.107212,0.947596,0.225962],
			[0.0889423,0.947596,0.225962],
			[0.171154,0.956731,0.299038],
			[0.157197,0.956731,0.341992],
			[0.171154,0.920192,0.299038],
			[0.157197,0.920192,0.341992],
			[0.0980769,0.920192,0.299038],
			[0.0980769,0.956731,0.299038],
			[0.120659,0.956731,0.368539],
			[0.120659,0.920192,0.368539],
			[0.0754949,0.956731,0.368539],
			[0.0754949,0.920192,0.368539],
			[0.0389565,0.956731,0.341992],
			[0.0389565,0.920192,0.341992],
			[0.025,0.956731,0.299038],
			[0.025,0.920192,0.299038],
			[0.0389565,0.956731,0.256085],
			[0.0389565,0.920192,0.256085],
			[0.0754949,0.956731,0.229538],
			[0.0754949,0.920192,0.229538],
			[0.120659,0.956731,0.229538],
			[0.120659,0.920192,0.229538],
			[0.157197,0.956731,0.256085],
			[0.157197,0.920192,0.256085]
		],
		"faceArray": [
			[0,3,1],
			[1,3,2],
			[0,5,4],
			[0,1,5],
			[0,4,3],
			[3,4,7],
			[3,7,6],
			[3,6,2],
			[1,6,5],
			[1,2,6],
			[5,7,4],
			[5,6,7],
			[8,11,9],
			[9,11,10],
			[8,13,12],
			[8,9,13],
			[8,12,11],
			[11,12,15],
			[11,15,14],
			[11,14,10],
			[9,14,13],
			[9,10,14],
			[13,15,12],
			[13,14,15],
			[16,19,17],
			[17,19,18],
			[16,21,20],
			[16,17,21],
			[16,20,19],
			[19,20,23],
			[19,23,22],
			[19,22,18],
			[17,22,21],
			[17,18,22],
			[21,23,20],
			[21,22,23],
			[24,25,26],
			[25,27,26],
			[28,26,27],
			[29,25,24],
			[25,30,27],
			[30,31,27],
			[28,27,31],
			[29,30,25],
			[30,32,31],
			[32,33,31],
			[28,31,33],
			[29,32,30],
			[32,34,33],
			[34,35,33],
			[28,33,35],
			[29,34,32],
			[34,36,35],
			[36,37,35],
			[28,35,37],
			[29,36,34],
			[36,38,37],
			[38,39,37],
			[28,37,39],
			[29,38,36],
			[38,40,39],
			[40,41,39],
			[28,39,41],
			[29,40,38],
			[40,42,41],
			[42,43,41],
			[28,41,43],
			[29,42,40],
			[42,44,43],
			[44,45,43],
			[28,43,45],
			[29,44,42],
			[44,24,45],
			[24,26,45],
			[28,45,26],
			[29,24,44]
		],
		"name": "624.json"
	}
}
