{
	"parsed": {
		"vertexArray": [
			[0.439314,0.0250466,0.526182],
			[0.449457,0.0403544,0.526182],
			[0.44941,0.0403544,0.473626],
			[0.439314,0.0250466,0.473626],
			[0.462441,0.048315,0.526182],
			[0.462441,0.048315,0.473626],
			[0.531349,0.0250466,0.526231],
			[0.531349,0.0250466,0.473674],
			[0.526467,0.0649505,0.473626],
			[0.526467,0.0649505,0.526182],
			[0.439314,0.025,0.762948],
			[0.44941,0.0403059,0.762948],
			[0.462441,0.048315,0.762948],
			[0.472205,0.0543345,0.526231],
			[0.472205,0.0542859,0.762948],
			[0.500639,0.0624853,0.526231],
			[0.500639,0.0624387,0.762948],
			[0.531349,0.025,0.815553],
			[0.526467,0.064902,0.815553],
			[0.526467,0.064902,0.762948],
			[0.163593,0.0307807,0.762948],
			[0.163593,0.025,0.762948],
			[0.163593,0.025,0.815553],
			[0.163593,0.0307807,0.815553],
			[0.404246,0.52289,0.526277],
			[0.404246,0.52289,0.473721],
			[0.469645,0.529049,0.526277],
			[0.469645,0.529049,0.473721],
			[0.472156,0.0543345,0.473626],
			[0.500639,0.0624853,0.473626],
			[0.439314,0.0250466,0.236908],
			[0.44941,0.0403544,0.236908],
			[0.462441,0.0483635,0.236908],
			[0.472205,0.0543345,0.236908],
			[0.500639,0.0624853,0.236908],
			[0.531349,0.0250466,0.184303],
			[0.526467,0.0649505,0.184303],
			[0.526467,0.0649505,0.236908],
			[0.163593,0.0308273,0.236908],
			[0.163593,0.0250466,0.236908],
			[0.163593,0.0250466,0.184303],
			[0.163593,0.0308273,0.184303],
			[0.39434,0.544642,0.526277],
			[0.39216,0.551277,0.526277],
			[0.39216,0.551277,0.473721],
			[0.39434,0.544642,0.473721],
			[0.404151,0.533789,0.526277],
			[0.404151,0.533789,0.473721],
			[0.417942,0.527059,0.526277],
			[0.417942,0.527059,0.473721],
			[0.433629,0.525448,0.526277],
			[0.433629,0.525448,0.473721],
			[0.448888,0.529286,0.526277],
			[0.448888,0.529286,0.473721],
			[0.461257,0.537864,0.526277],
			[0.461257,0.537864,0.473721],
			[0.468934,0.549996,0.526277],
			[0.468934,0.549996,0.473721],
			[0.470735,0.563739,0.526277],
			[0.470735,0.563739,0.473721],
			[0.0345737,0.507557,0.974953],
			[0.710369,0.584472,0.974953],
			[0.710369,0.584568,0.025],
			[0.0346203,0.507652,0.025],
			[0.025,0.541063,0.974953],
			[0.025,0.541109,0.025],
			[0.039739,0.542722,0.974953],
			[0.039739,0.542769,0.025],
			[0.0449044,0.525235,0.974953],
			[0.0449044,0.52533,0.025],
			[0.686578,0.648924,0.975],
			[0.686627,0.648973,0.0250466]
		],
		"faceArray": [
			[1,2,0],
			[3,0,2],
			[1,4,2],
			[5,2,4],
			[7,8,6],
			[9,6,8],
			[0,10,1],
			[11,1,10],
			[1,11,4],
			[12,4,11],
			[4,12,13],
			[14,13,12],
			[13,14,15],
			[16,15,14],
			[6,9,17],
			[18,17,9],
			[9,15,19],
			[16,19,15],
			[21,22,20],
			[23,20,22],
			[20,23,19],
			[18,19,23],
			[10,21,11],
			[14,11,21],
			[14,21,16],
			[20,16,21],
			[23,22,18],
			[17,18,22],
			[4,24,5],
			[25,5,24],
			[26,27,24],
			[25,24,27],
			[26,9,27],
			[8,27,9],
			[24,4,26],
			[13,26,4],
			[13,15,26],
			[9,26,15],
			[25,27,5],
			[28,5,27],
			[28,27,29],
			[8,29,27],
			[3,2,30],
			[31,30,2],
			[2,5,31],
			[32,31,5],
			[5,28,32],
			[33,32,28],
			[28,29,33],
			[34,33,29],
			[7,35,8],
			[36,8,35],
			[8,37,29],
			[34,29,37],
			[39,38,40],
			[41,40,38],
			[38,37,41],
			[36,41,37],
			[30,31,39],
			[33,39,31],
			[33,34,39],
			[38,39,34],
			[41,36,40],
			[35,40,36],
			[43,44,42],
			[45,42,44],
			[42,45,46],
			[47,46,45],
			[46,47,48],
			[49,48,47],
			[48,49,50],
			[51,50,49],
			[50,51,52],
			[53,52,51],
			[52,53,54],
			[55,54,53],
			[54,55,56],
			[57,56,55],
			[56,57,58],
			[59,58,57],
			[43,42,58],
			[46,58,42],
			[46,48,58],
			[50,58,48],
			[50,52,58],
			[54,58,52],
			[56,58,54],
			[44,59,45],
			[47,45,59],
			[47,59,49],
			[51,49,59],
			[51,59,53],
			[55,53,59],
			[57,55,59],
			[39,40,35],
			[30,39,35],
			[17,30,35],
			[17,10,30],
			[22,21,17],
			[20,10,17],
			[21,20,17],
			[61,60,62],
			[63,62,60],
			[60,64,63],
			[65,63,64],
			[64,66,65],
			[67,65,66],
			[66,68,67],
			[69,67,68],
			[68,70,69],
			[71,69,70],
			[70,61,71],
			[62,71,61],
			[60,61,64],
			[66,64,61],
			[66,61,68],
			[70,68,61],
			[63,65,62],
			[67,62,65],
			[67,69,62],
			[71,62,69]
		],
		"name": "764.json"
	}
}
