{
	"parsed": {
		"vertexArray": [
			[0.0706,0.025,0.975],
			[0.0706,0.241124,0.975],
			[0.1048,0.313166,0.975],
			[0.158,0.363041,0.975],
			[0.2378,0.374124,0.975],
			[0.4316,0.379666,0.975],
			[0.4734,0.407374,0.975],
			[0.503799,0.473874,0.975],
			[0.5114,0.551458,0.975],
			[0.538,0.756499,0.975],
			[0.545599,0.800831,0.975],
			[0.4316,0.025,0.975],
			[0.4734,0.0277702,0.975],
			[0.025,0.025,0.975],
			[0.025,0.273583,0.975],
			[0.0478,0.328999,0.975],
			[0.0857999,0.362249,0.975],
			[0.177,0.406583,0.975],
			[0.405,0.406583,0.975],
			[0.4582,0.450916,0.975],
			[0.481,0.506333,0.975],
			[0.4886,0.594998,0.975],
			[0.519,0.773124,0.975],
			[0.0706,0.025,0.025],
			[0.0706,0.241124,0.025],
			[0.1048,0.313166,0.025],
			[0.158,0.363041,0.025],
			[0.2378,0.374124,0.025],
			[0.4316,0.379666,0.025],
			[0.4734,0.407374,0.025],
			[0.503799,0.473874,0.025],
			[0.5114,0.551458,0.025],
			[0.538,0.756499,0.025],
			[0.545599,0.800831,0.025],
			[0.4316,0.025,0.025],
			[0.4734,0.0277702,0.025],
			[0.025,0.025,0.025],
			[0.025,0.273583,0.025],
			[0.0478,0.328999,0.025],
			[0.0857999,0.362249,0.025],
			[0.177,0.406583,0.025],
			[0.405,0.406583,0.025],
			[0.4582,0.450916,0.025],
			[0.481,0.506333,0.025],
			[0.4886,0.594998,0.025],
			[0.519,0.773124,0.025]
		],
		"faceArray": [
			[1,0,23],
			[24,23,1],
			[2,1,24],
			[25,24,2],
			[3,2,25],
			[26,25,3],
			[4,3,26],
			[27,26,4],
			[5,4,27],
			[28,27,5],
			[7,6,29],
			[30,29,7],
			[8,7,30],
			[31,30,8],
			[9,8,31],
			[32,31,9],
			[10,9,32],
			[33,32,10],
			[11,5,28],
			[34,28,11],
			[12,11,34],
			[35,34,12],
			[12,6,35],
			[35,29,6],
			[14,13,36],
			[37,36,14],
			[15,14,37],
			[38,37,15],
			[16,15,38],
			[39,38,16],
			[17,16,39],
			[40,39,17],
			[18,17,40],
			[41,40,18],
			[19,18,41],
			[42,41,19],
			[20,19,42],
			[43,42,20],
			[21,20,43],
			[44,43,21],
			[22,21,44],
			[45,44,22],
			[13,0,36],
			[36,23,0],
			[20,7,30],
			[43,30,20],
			[20,8,43],
			[43,31,8],
			[22,10,45],
			[45,33,10],
			[11,5,6],
			[12,6,11],
			[13,0,14],
			[14,0,1],
			[14,1,15],
			[15,1,2],
			[15,2,16],
			[16,2,3],
			[16,3,17],
			[17,3,4],
			[5,4,17],
			[17,5,18],
			[19,18,5],
			[6,5,19],
			[20,19,6],
			[7,6,20],
			[21,20,8],
			[9,8,22],
			[22,8,21],
			[22,9,10],
			[34,28,29],
			[35,29,34],
			[36,23,37],
			[37,23,24],
			[37,24,38],
			[38,24,25],
			[38,25,39],
			[39,25,26],
			[39,26,40],
			[40,26,27],
			[28,27,40],
			[40,28,41],
			[42,41,28],
			[29,28,42],
			[43,42,29],
			[30,29,43],
			[44,43,31],
			[32,31,45],
			[45,31,44],
			[45,32,33]
		],
		"name": "778.json"
	}
}
