{
	"parsed": {
		"vertexArray": [
			[0.119962,0.404848,0.0629848],
			[0.195932,0.404848,0.0629848],
			[0.195932,0.404848,0.025],
			[0.119962,0.404848,0.025],
			[0.97462,0.42384,0.0439924],
			[0.025,0.42384,0.0439924],
			[0.025,0.42384,0.0819772],
			[0.97462,0.42384,0.0819772],
			[0.975,0.252149,0.10097],
			[0.0257597,0.252149,0.10097],
			[0.196691,0.195932,0.0443722],
			[0.196691,0.195932,0.0834966],
			[0.120722,0.195932,0.0443722],
			[0.120722,0.195932,0.0834966],
			[0.879658,0.404848,0.025],
			[0.803689,0.404848,0.025],
			[0.803689,0.404848,0.0629848],
			[0.879658,0.404848,0.0629848],
			[0.878898,0.195932,0.0443722],
			[0.802929,0.195932,0.0443722],
			[0.878898,0.195932,0.0834966],
			[0.802929,0.195932,0.0834966],
			[0.025,0.214924,0.347871],
			[0.025,0.176939,0.347871],
			[0.97462,0.176939,0.347871],
			[0.97462,0.214924,0.347871],
			[0.975,0.214924,0.139334],
			[0.0257597,0.214924,0.139334],
			[0.879658,0.025,0.0633647],
			[0.803689,0.025,0.0633647],
			[0.879658,0.195932,0.309886],
			[0.879658,0.025,0.309886],
			[0.803689,0.195932,0.309886],
			[0.803689,0.025,0.309886],
			[0.195932,0.025,0.0633647],
			[0.119962,0.025,0.0633647],
			[0.195932,0.195932,0.309886],
			[0.195932,0.025,0.309886],
			[0.119962,0.025,0.309886],
			[0.119962,0.195932,0.309886]
		],
		"faceArray": [
			[0,1,2],
			[4,5,6],
			[6,7,8],
			[6,9,8],
			[10,2,1],
			[10,12,3],
			[11,1,0],
			[12,13,0],
			[14,15,16],
			[18,19,15],
			[18,14,17],
			[20,17,16],
			[19,21,16],
			[22,23,24],
			[26,27,22],
			[19,18,28],
			[18,30,31],
			[32,33,31],
			[19,29,33],
			[10,34,35],
			[10,36,37],
			[12,35,38],
			[39,38,37],
			[0,2,3],
			[4,6,7],
			[6,8,9],
			[6,8,7],
			[10,1,11],
			[10,3,2],
			[11,0,13],
			[12,0,3],
			[14,16,17],
			[18,15,14],
			[18,17,20],
			[20,16,21],
			[19,16,15],
			[22,24,25],
			[26,22,25],
			[19,28,29],
			[18,31,28],
			[32,31,30],
			[19,33,32],
			[10,35,12],
			[10,37,34],
			[12,38,39],
			[39,37,36]
		],
		"name": "782.json"
	}
}
