{
	"parsed": {
		"vertexArray": [
			[0.975,0.025,0.254458],
			[0.95414,0.025,0.263071],
			[0.95414,0.476364,0.263071],
			[0.975,0.476364,0.254458],
			[0.966387,0.025,0.233598],
			[0.945527,0.025,0.242212],
			[0.945527,0.476364,0.242212],
			[0.966387,0.476364,0.233598],
			[0.140607,0.025,0.598994],
			[0.119747,0.025,0.607607],
			[0.119747,0.476364,0.607607],
			[0.140607,0.476364,0.598994],
			[0.131994,0.025,0.578134],
			[0.111134,0.025,0.586747],
			[0.111134,0.476364,0.586747],
			[0.131994,0.476364,0.578134],
			[0.888866,0.025,0.0458598],
			[0.868006,0.025,0.0544732],
			[0.888866,0.250682,0.0458598],
			[0.880253,0.025,0.025],
			[0.859393,0.025,0.0336134],
			[0.859393,0.250682,0.0336134],
			[0.880253,0.250682,0.025],
			[0.0544732,0.025,0.390396],
			[0.0336134,0.025,0.399009],
			[0.0336134,0.250682,0.399009],
			[0.0544732,0.250682,0.390396],
			[0.0458598,0.025,0.369536],
			[0.025,0.025,0.378149],
			[0.025,0.250682,0.378149],
			[0.0458598,0.250682,0.369536],
			[0.95414,0.228114,0.263071],
			[0.140607,0.228114,0.598994],
			[0.140607,0.250682,0.598994],
			[0.95414,0.250682,0.263071],
			[0.131994,0.228114,0.578134],
			[0.131994,0.250682,0.578134],
			[0.0544732,0.228114,0.390396],
			[0.859393,0.228114,0.0336134],
			[0.0458598,0.228114,0.369536],
			[0.966387,0.228114,0.233598],
			[0.945527,0.228114,0.242212],
			[0.945527,0.250682,0.242212],
			[0.966387,0.250682,0.233598],
			[0.888866,0.228114,0.0458598],
			[0.868006,0.228114,0.0544732],
			[0.868006,0.250682,0.0544732],
			[0.111134,0.228114,0.586747],
			[0.111134,0.250682,0.586747],
			[0.0336134,0.228114,0.399009],
			[0.962417,0.352239,0.25355],
			[0.128024,0.352239,0.598086],
			[0.128024,0.465079,0.598086],
			[0.962417,0.465079,0.25355],
			[0.95811,0.352239,0.24312],
			[0.123717,0.352239,0.587656],
			[0.123717,0.465079,0.587656],
			[0.95811,0.465079,0.24312],
			[0.945527,0.239398,0.242212],
			[0.131994,0.239398,0.578134],
			[0.131994,0.261966,0.578134],
			[0.945527,0.261966,0.242212],
			[0.868006,0.239398,0.0544732],
			[0.0544732,0.239398,0.390396],
			[0.0544732,0.261966,0.390396],
			[0.868006,0.261966,0.0544732]
		],
		"faceArray": [
			[0,3,1],
			[1,3,2],
			[0,5,4],
			[0,1,5],
			[0,4,3],
			[3,4,7],
			[3,7,6],
			[3,6,2],
			[1,6,5],
			[1,2,6],
			[5,7,4],
			[5,6,7],
			[8,11,9],
			[9,11,10],
			[8,13,12],
			[8,9,13],
			[8,12,11],
			[11,12,15],
			[11,15,14],
			[11,14,10],
			[9,14,13],
			[9,10,14],
			[13,15,12],
			[13,14,15],
			[16,18,17],
			[17,18,46],
			[16,20,19],
			[16,17,20],
			[16,19,18],
			[18,19,22],
			[18,22,21],
			[18,21,46],
			[17,21,20],
			[17,46,21],
			[20,22,19],
			[20,21,22],
			[23,26,24],
			[24,26,25],
			[23,28,27],
			[23,24,28],
			[23,27,26],
			[26,27,30],
			[26,30,29],
			[26,29,25],
			[24,29,28],
			[24,25,29],
			[28,30,27],
			[28,29,30],
			[31,34,32],
			[32,34,33],
			[31,35,41],
			[31,32,35],
			[31,41,34],
			[34,41,42],
			[34,42,36],
			[34,36,33],
			[32,36,35],
			[32,33,36],
			[35,42,41],
			[35,36,42],
			[45,46,37],
			[37,46,26],
			[45,39,38],
			[45,37,39],
			[45,38,46],
			[46,38,21],
			[46,21,30],
			[46,30,26],
			[37,30,39],
			[37,26,30],
			[39,21,38],
			[39,30,21],
			[40,43,41],
			[41,43,42],
			[40,45,44],
			[40,41,45],
			[40,44,43],
			[43,44,18],
			[43,18,46],
			[43,46,42],
			[41,46,45],
			[41,42,46],
			[45,18,44],
			[45,46,18],
			[35,36,47],
			[47,36,48],
			[35,49,37],
			[35,47,49],
			[35,37,36],
			[36,37,26],
			[36,26,25],
			[36,25,48],
			[47,25,49],
			[47,48,25],
			[49,26,37],
			[49,25,26],
			[50,53,51],
			[51,53,52],
			[50,55,54],
			[50,51,55],
			[50,54,53],
			[53,54,57],
			[53,57,56],
			[53,56,52],
			[51,56,55],
			[51,52,56],
			[55,57,54],
			[55,56,57],
			[58,61,59],
			[59,61,60],
			[58,63,62],
			[58,59,63],
			[58,62,61],
			[61,62,65],
			[61,65,64],
			[61,64,60],
			[59,64,63],
			[59,60,64],
			[63,65,62],
			[63,64,65]
		],
		"name": "783.json"
	}
}
