{
	"parsed": {
		"vertexArray": [
			[0.025,0.14375,0.025],
			[0.975,0.14375,0.025],
			[0.975,0.38125,0.025],
			[0.025,0.38125,0.025],
			[0.025,0.14375,0.0546875],
			[0.975,0.14375,0.0546875],
			[0.975,0.38125,0.0546875],
			[0.025,0.38125,0.0546875],
			[0.025,0.128812,0.277332],
			[0.975,0.128812,0.277332],
			[0.975,0.129001,0.039832],
			[0.025,0.129001,0.039832],
			[0.025,0.158499,0.277356],
			[0.975,0.158499,0.277356],
			[0.975,0.158688,0.0398556],
			[0.025,0.158688,0.0398556],
			[0.025,0.025,0.0992187],
			[0.975,0.025,0.0992187],
			[0.975,0.14375,0.0992187],
			[0.025,0.14375,0.0992187],
			[0.025,0.025,0.217969],
			[0.975,0.025,0.217969],
			[0.975,0.14375,0.217969],
			[0.025,0.14375,0.217969]
		],
		"faceArray": [
			[0,3,1],
			[1,3,2],
			[0,5,4],
			[0,1,5],
			[0,4,3],
			[3,4,7],
			[3,7,6],
			[3,6,2],
			[1,6,5],
			[1,2,6],
			[5,7,4],
			[5,6,7],
			[8,11,9],
			[9,11,10],
			[8,13,12],
			[8,9,13],
			[8,12,11],
			[11,12,15],
			[11,15,14],
			[11,14,10],
			[9,14,13],
			[9,10,14],
			[13,15,12],
			[13,14,15],
			[16,19,17],
			[17,19,18],
			[16,21,20],
			[16,17,21],
			[16,20,19],
			[19,20,23],
			[19,23,22],
			[19,22,18],
			[17,22,21],
			[17,18,22],
			[21,23,20],
			[21,22,23]
		],
		"name": "784.json"
	}
}
