{
	"parsed": {
		"vertexArray": [
			[0.707366,0.025,0.507948],
			[0.663462,0.025,0.526077],
			[0.663462,0.975,0.526077],
			[0.707366,0.975,0.507948],
			[0.689237,0.025,0.464044],
			[0.645333,0.025,0.482173],
			[0.645333,0.975,0.482173],
			[0.689237,0.975,0.464044],
			[0.268322,0.025,0.689237],
			[0.224418,0.025,0.707366],
			[0.224418,0.975,0.707366],
			[0.268322,0.975,0.689237],
			[0.250193,0.025,0.645333],
			[0.206289,0.025,0.663462],
			[0.206289,0.975,0.663462],
			[0.250193,0.975,0.645333],
			[0.526077,0.025,0.0689044],
			[0.482173,0.025,0.0870333],
			[0.526077,0.5,0.0689044],
			[0.507948,0.025,0.025],
			[0.464044,0.025,0.0431289],
			[0.507948,0.5,0.025],
			[0.0870333,0.025,0.250193],
			[0.0431289,0.025,0.268322],
			[0.0431289,0.5,0.268322],
			[0.0689044,0.025,0.206289],
			[0.025,0.025,0.224418],
			[0.025,0.5,0.224418],
			[0.663462,0.4525,0.526077],
			[0.268322,0.4525,0.689237],
			[0.268322,0.5,0.689237],
			[0.663462,0.5,0.526077],
			[0.645333,0.4525,0.482173],
			[0.250193,0.4525,0.645333],
			[0.250193,0.5,0.645333],
			[0.645333,0.5,0.482173],
			[0.482173,0.4525,0.0870333],
			[0.0870333,0.4525,0.250193],
			[0.0870333,0.5,0.250193],
			[0.482173,0.5,0.0870333],
			[0.464044,0.4525,0.0431289],
			[0.0689044,0.4525,0.206289],
			[0.0689044,0.5,0.206289],
			[0.464044,0.5,0.0431289],
			[0.526035,0.4525,0.0689165],
			[0.689275,0.4525,0.464023],
			[0.689275,0.5,0.464023],
			[0.526035,0.5,0.0689165],
			[0.482134,0.4525,0.0870543],
			[0.645375,0.4525,0.48216],
			[0.645375,0.5,0.48216],
			[0.482134,0.5,0.0870543],
			[0.0870281,0.4525,0.250295],
			[0.250269,0.4525,0.645401],
			[0.250269,0.5,0.645401],
			[0.0870281,0.5,0.250295],
			[0.0431274,0.4525,0.268433],
			[0.206368,0.4525,0.663539],
			[0.206368,0.5,0.663539],
			[0.0431274,0.5,0.268433],
			[0.680881,0.71375,0.506036],
			[0.241838,0.71375,0.687325],
			[0.241838,0.95125,0.687325],
			[0.680881,0.95125,0.506036],
			[0.671817,0.71375,0.484084],
			[0.232773,0.71375,0.665373],
			[0.232773,0.95125,0.665373],
			[0.671817,0.95125,0.484084],
			[0.645333,0.47625,0.482173],
			[0.250193,0.47625,0.645333],
			[0.250193,0.52375,0.645333],
			[0.645333,0.52375,0.482173],
			[0.482173,0.47625,0.0870333],
			[0.0870333,0.47625,0.250193],
			[0.0870333,0.52375,0.250193],
			[0.482173,0.52375,0.0870333]
		],
		"faceArray": [
			[0,3,1],
			[1,3,2],
			[0,5,4],
			[0,1,5],
			[0,4,3],
			[3,4,7],
			[3,7,6],
			[3,6,2],
			[1,6,5],
			[1,2,6],
			[5,7,4],
			[5,6,7],
			[8,11,9],
			[9,11,10],
			[8,13,12],
			[8,9,13],
			[8,12,11],
			[11,12,15],
			[11,15,14],
			[11,14,10],
			[9,14,13],
			[9,10,14],
			[13,15,12],
			[13,14,15],
			[16,18,17],
			[17,18,39],
			[16,20,19],
			[16,17,20],
			[16,19,18],
			[18,19,21],
			[18,21,43],
			[18,43,39],
			[17,43,20],
			[17,39,43],
			[20,21,19],
			[20,43,21],
			[22,38,23],
			[23,38,24],
			[22,26,25],
			[22,23,26],
			[22,25,38],
			[38,25,42],
			[38,42,27],
			[38,27,24],
			[23,27,26],
			[23,24,27],
			[26,42,25],
			[26,27,42],
			[28,31,29],
			[29,31,30],
			[28,33,32],
			[28,29,33],
			[28,32,31],
			[31,32,35],
			[31,35,34],
			[31,34,30],
			[29,34,33],
			[29,30,34],
			[33,35,32],
			[33,34,35],
			[36,39,37],
			[37,39,38],
			[36,41,40],
			[36,37,41],
			[36,40,39],
			[39,40,43],
			[39,43,42],
			[39,42,38],
			[37,42,41],
			[37,38,42],
			[41,43,40],
			[41,42,43],
			[44,47,45],
			[45,47,46],
			[44,49,48],
			[44,45,49],
			[44,48,47],
			[47,48,51],
			[47,51,50],
			[47,50,46],
			[45,50,49],
			[45,46,50],
			[49,51,48],
			[49,50,51],
			[52,55,53],
			[53,55,54],
			[52,57,56],
			[52,53,57],
			[52,56,55],
			[55,56,59],
			[55,59,58],
			[55,58,54],
			[53,58,57],
			[53,54,58],
			[57,59,56],
			[57,58,59],
			[60,63,61],
			[61,63,62],
			[60,65,64],
			[60,61,65],
			[60,64,63],
			[63,64,67],
			[63,67,66],
			[63,66,62],
			[61,66,65],
			[61,62,66],
			[65,67,64],
			[65,66,67],
			[68,71,69],
			[69,71,70],
			[68,73,72],
			[68,69,73],
			[68,72,71],
			[71,72,75],
			[71,75,74],
			[71,74,70],
			[69,74,73],
			[69,70,74],
			[73,75,72],
			[73,74,75]
		],
		"name": "818.json"
	}
}
