{
	"parsed": {
		"vertexArray": [
			[0.975,0.025,0.5],
			[0.025,0.025,0.5],
			[0.0934,0.1675,0.5],
			[0.9066,0.1675,0.5],
			[0.9066,0.33375,0.5],
			[0.975,0.33375,0.5],
			[0.0934,0.33375,0.5],
			[0.025,0.33375,0.5],
			[0.975,0.025,0.025],
			[0.975,0.33375,0.122903],
			[0.975,0.5,0.0825806],
			[0.975,0.5,0.025],
			[0.025,0.025,0.025],
			[0.025,0.33375,0.122903],
			[0.025,0.5,0.0825806],
			[0.025,0.5,0.025],
			[0.3385,0.1675,0.5],
			[0.3385,0.2625,0.5],
			[0.0934,0.2625,0.5],
			[0.0934,0.2625,0.140161],
			[0.3385,0.2625,0.140161],
			[0.9066,0.33375,0.122903],
			[0.0934,0.33375,0.122903],
			[0.9066,0.2625,0.140161],
			[0.6615,0.1675,0.5],
			[0.6615,0.2625,0.5],
			[0.6615,0.2625,0.140161],
			[0.9066,0.2625,0.5]
		],
		"faceArray": [
			[2,1,0],
			[3,2,0],
			[0,5,4],
			[3,0,4],
			[1,2,6],
			[1,6,7],
			[5,0,8],
			[5,8,9],
			[10,9,8],
			[11,10,8],
			[12,13,14],
			[12,14,15],
			[12,1,7],
			[13,12,7],
			[2,16,17],
			[2,17,18],
			[19,18,17],
			[20,19,17],
			[14,10,11],
			[14,11,15],
			[21,10,14],
			[22,21,14],
			[21,22,19],
			[21,19,23],
			[21,9,10],
			[13,22,14],
			[16,24,25],
			[16,25,17],
			[20,17,25],
			[26,20,25],
			[24,3,27],
			[24,27,25],
			[26,25,27],
			[23,26,27],
			[18,19,22],
			[18,22,6],
			[7,6,22],
			[13,7,22],
			[21,23,27],
			[4,21,27],
			[21,4,5],
			[21,5,9],
			[11,8,12],
			[15,11,12]
		],
		"name": "836.json"
	}
}
