{
	"parsed": {
		"vertexArray": [
			[0.025,0.025,0.0566667],
			[0.025,0.975,0.0566667],
			[0.025,0.975,0.025],
			[0.025,0.025,0.025],
			[0.341667,0.025,0.0566667],
			[0.341667,0.975,0.0566667],
			[0.341667,0.975,0.341667],
			[0.658333,0.975,0.341667],
			[0.658333,0.975,0.31],
			[0.373333,0.975,0.31],
			[0.373333,0.975,0.0566667],
			[0.658333,0.975,0.0566667],
			[0.658333,0.975,0.025],
			[0.341667,0.025,0.341667],
			[0.658333,0.025,0.341667],
			[0.658333,0.0566667,0.341667],
			[0.373333,0.0566667,0.341667],
			[0.373333,0.943333,0.341667],
			[0.658333,0.943333,0.341667],
			[0.658333,0.025,0.025],
			[0.658333,0.025,0.0566667],
			[0.373333,0.025,0.0566667],
			[0.373333,0.025,0.31],
			[0.658333,0.025,0.31],
			[0.658333,0.943333,0.025],
			[0.373333,0.943333,0.025],
			[0.373333,0.0566667,0.025],
			[0.658333,0.0566667,0.025],
			[0.658333,0.943333,0.31],
			[0.373333,0.943333,0.31],
			[0.658333,0.0566667,0.31],
			[0.373333,0.0566667,0.31],
			[0.658333,0.943333,0.0566667],
			[0.373333,0.943333,0.0566667],
			[0.658333,0.0566667,0.0566667],
			[0.373333,0.0566667,0.0566667]
		],
		"faceArray": [
			[0,1,2],
			[4,5,1],
			[7,8,9],
			[13,14,15],
			[19,20,21],
			[24,25,26],
			[8,28,29],
			[28,18,17],
			[15,30,31],
			[30,23,22],
			[24,32,33],
			[32,11,10],
			[20,34,35],
			[34,27,26],
			[23,30,15],
			[19,27,34],
			[24,12,11],
			[28,8,7],
			[13,6,5],
			[21,35,26],
			[0,2,3],
			[4,1,0],
			[7,9,10],
			[7,10,11],
			[7,11,12],
			[7,12,2],
			[7,2,1],
			[7,1,5],
			[7,5,6],
			[13,15,16],
			[13,16,17],
			[13,17,18],
			[13,18,7],
			[13,7,6],
			[19,21,22],
			[19,22,23],
			[19,23,14],
			[19,14,13],
			[19,13,4],
			[19,4,0],
			[19,0,3],
			[24,26,27],
			[24,27,19],
			[24,19,3],
			[24,3,2],
			[24,2,12],
			[8,29,9],
			[28,17,29],
			[15,31,16],
			[30,22,31],
			[24,33,25],
			[32,10,33],
			[20,35,21],
			[34,26,35],
			[23,15,14],
			[19,34,20],
			[24,11,32],
			[28,7,18],
			[13,5,4],
			[21,26,25],
			[21,25,33],
			[21,33,10],
			[21,10,9],
			[21,9,29],
			[21,29,17],
			[21,17,16],
			[21,16,31],
			[21,31,22]
		],
		"name": "841.json"
	}
}
