{
	"parsed": {
		"vertexArray": [
			[0.0448318,0.0448351,0.263024],
			[0.765799,0.0448351,0.263024],
			[0.765799,0.025,0.263024],
			[0.0448318,0.025,0.263024],
			[0.0442946,0.0320534,0.0263492],
			[0.0442946,0.0320534,0.0445404],
			[0.0442946,0.95229,0.0445404],
			[0.0442946,0.95229,0.0263492],
			[0.76354,0.0320534,0.0263492],
			[0.76354,0.0320534,0.0445404],
			[0.76354,0.95229,0.0445404],
			[0.76354,0.95229,0.0263492],
			[0.0250016,0.955165,0.263021],
			[0.0250016,0.025,0.263021],
			[0.0448367,0.025,0.263021],
			[0.0448367,0.955165,0.263021],
			[0.765803,0.955165,0.263021],
			[0.765803,0.025,0.263021],
			[0.785639,0.025,0.263021],
			[0.785639,0.955165,0.263021],
			[0.0448351,0.955165,0.0250016],
			[0.0448351,0.025,0.0250016],
			[0.025,0.955165,0.0250016],
			[0.025,0.025,0.0250016],
			[0.765803,0.955165,0.025],
			[0.765803,0.025,0.025],
			[0.785639,0.025,0.025],
			[0.785639,0.955165,0.025],
			[0.0448367,0.0448351,0.263021],
			[0.765803,0.0448351,0.263021],
			[0.765803,0.0448351,0.025],
			[0.0448351,0.0448351,0.0250016],
			[0.785639,0.975,0.025],
			[0.025,0.975,0.0250016],
			[0.785639,0.975,0.263021],
			[0.0250016,0.975,0.263021],
			[0.765803,0.734342,0.025],
			[0.0448351,0.734342,0.0250016],
			[0.0448351,0.714507,0.0250016],
			[0.765803,0.714507,0.025],
			[0.0448367,0.714507,0.263021],
			[0.765803,0.714507,0.263021],
			[0.0448367,0.734342,0.263021],
			[0.765803,0.734342,0.263021],
			[0.765803,0.502627,0.025],
			[0.0448351,0.502627,0.0250016],
			[0.0448351,0.482792,0.0250016],
			[0.765803,0.482792,0.025],
			[0.0448367,0.482792,0.263021],
			[0.765803,0.482792,0.263021],
			[0.0448367,0.502627,0.263021],
			[0.765803,0.502627,0.263021],
			[0.765803,0.292467,0.025],
			[0.0448351,0.292467,0.0250016],
			[0.0448351,0.272632,0.0250016],
			[0.765803,0.272632,0.025],
			[0.0448367,0.272632,0.263021],
			[0.765803,0.272632,0.263021],
			[0.0448367,0.292467,0.263021],
			[0.765803,0.292467,0.263021]
		],
		"faceArray": [
			[2,1,0],
			[0,3,2],
			[4,5,6],
			[4,6,7],
			[4,8,9],
			[4,9,5],
			[5,9,10],
			[5,10,6],
			[6,10,11],
			[6,11,7],
			[7,11,8],
			[7,8,4],
			[8,11,10],
			[8,10,9],
			[12,13,14],
			[14,15,12],
			[18,17,16],
			[16,19,18],
			[20,15,14],
			[14,21,20],
			[13,12,22],
			[22,23,13],
			[21,14,13],
			[13,23,21],
			[12,15,20],
			[20,22,12],
			[21,23,22],
			[22,20,21],
			[24,25,26],
			[26,27,24],
			[27,19,16],
			[16,24,27],
			[17,18,26],
			[26,25,17],
			[24,16,17],
			[17,25,24],
			[18,19,27],
			[27,26,18],
			[25,17,14],
			[14,21,25],
			[28,29,30],
			[30,31,28],
			[21,14,28],
			[28,31,21],
			[29,17,25],
			[25,30,29],
			[21,31,30],
			[30,25,21],
			[32,33,22],
			[22,27,32],
			[27,19,34],
			[34,32,27],
			[35,12,22],
			[22,33,35],
			[32,34,35],
			[35,33,32],
			[12,19,27],
			[27,22,12],
			[38,37,36],
			[36,39,38],
			[39,41,40],
			[40,38,39],
			[38,40,42],
			[42,37,38],
			[43,41,39],
			[39,36,43],
			[42,43,36],
			[36,37,42],
			[46,45,44],
			[44,47,46],
			[47,49,48],
			[48,46,47],
			[46,48,50],
			[50,45,46],
			[51,49,47],
			[47,44,51],
			[50,51,44],
			[44,45,50],
			[54,53,52],
			[52,55,54],
			[55,57,56],
			[56,54,55],
			[54,56,58],
			[58,53,54],
			[59,57,55],
			[55,52,59],
			[58,59,52],
			[52,53,58]
		],
		"name": "845.json"
	}
}
