{
	"parsed": {
		"vertexArray": [
			[0.025,0.025,0.025],
			[0.839286,0.025,0.025],
			[0.839286,0.0521429,0.025],
			[0.025,0.0521429,0.025],
			[0.025,0.025,0.296429],
			[0.839286,0.025,0.296429],
			[0.839286,0.0521429,0.296429],
			[0.025,0.0521429,0.296429],
			[0.0521429,0.0521429,0.025],
			[0.812143,0.0521429,0.025],
			[0.812143,0.0792857,0.025],
			[0.0521429,0.0792857,0.025],
			[0.0521429,0.0521429,0.269286],
			[0.812143,0.0521429,0.269286],
			[0.812143,0.0792857,0.269286],
			[0.0521429,0.0792857,0.269286],
			[0.0792857,0.0792857,0.025],
			[0.785,0.0792857,0.025],
			[0.785,0.106429,0.025],
			[0.0792857,0.106429,0.025],
			[0.0792857,0.0792857,0.242143],
			[0.785,0.0792857,0.242143],
			[0.785,0.106429,0.242143],
			[0.0792857,0.106429,0.242143],
			[0.106429,0.106429,0.025],
			[0.106429,0.975,0.025],
			[0.0792857,0.975,0.025],
			[0.106429,0.106429,0.242143],
			[0.0792857,0.975,0.242143],
			[0.757857,0.106429,0.025],
			[0.785,0.975,0.025],
			[0.757857,0.975,0.025],
			[0.757857,0.106429,0.242143],
			[0.785,0.975,0.242143],
			[0.106429,0.106429,0.0521429],
			[0.757857,0.106429,0.0521429],
			[0.757857,0.975,0.0521429],
			[0.106429,0.975,0.0521429],
			[0.106429,0.282857,0.0521429],
			[0.757857,0.282857,0.0521429],
			[0.757857,0.31,0.0521429],
			[0.106429,0.31,0.0521429],
			[0.106429,0.282857,0.242143],
			[0.757857,0.282857,0.242143],
			[0.757857,0.31,0.242143],
			[0.106429,0.31,0.242143],
			[0.106429,0.5,0.0521429],
			[0.757857,0.5,0.0521429],
			[0.757857,0.527143,0.0521429],
			[0.106429,0.527143,0.0521429],
			[0.106429,0.5,0.242143],
			[0.757857,0.5,0.242143],
			[0.757857,0.527143,0.242143],
			[0.106429,0.527143,0.242143],
			[0.106429,0.717143,0.0521429],
			[0.757857,0.717143,0.0521429],
			[0.757857,0.744286,0.0521429],
			[0.106429,0.744286,0.0521429],
			[0.106429,0.717143,0.242143],
			[0.757857,0.717143,0.242143],
			[0.757857,0.744286,0.242143],
			[0.106429,0.744286,0.242143],
			[0.106429,0.947857,0.0521429],
			[0.757857,0.947857,0.0521429],
			[0.106429,0.947857,0.242143],
			[0.757857,0.947857,0.242143],
			[0.757857,0.975,0.242143],
			[0.106429,0.975,0.242143]
		],
		"faceArray": [
			[0,3,1],
			[1,3,2],
			[0,5,4],
			[0,1,5],
			[0,4,3],
			[3,4,7],
			[3,7,6],
			[3,6,2],
			[1,6,5],
			[1,2,6],
			[5,7,4],
			[5,6,7],
			[8,11,9],
			[9,11,10],
			[8,13,12],
			[8,9,13],
			[8,12,11],
			[11,12,15],
			[11,15,14],
			[11,14,10],
			[9,14,13],
			[9,10,14],
			[13,15,12],
			[13,14,15],
			[16,19,17],
			[17,19,18],
			[16,21,20],
			[16,17,21],
			[16,20,19],
			[19,20,23],
			[19,23,22],
			[19,22,18],
			[17,22,21],
			[17,18,22],
			[21,23,20],
			[21,22,23],
			[19,26,24],
			[24,26,25],
			[19,27,23],
			[19,24,27],
			[19,23,26],
			[26,23,28],
			[26,28,67],
			[26,67,25],
			[24,67,27],
			[24,25,67],
			[27,28,23],
			[27,67,28],
			[29,31,18],
			[18,31,30],
			[29,22,32],
			[29,18,22],
			[29,32,31],
			[31,32,66],
			[31,66,33],
			[31,33,30],
			[18,33,22],
			[18,30,33],
			[22,66,32],
			[22,33,66],
			[24,25,29],
			[29,25,31],
			[24,35,34],
			[24,29,35],
			[24,34,25],
			[25,34,37],
			[25,37,36],
			[25,36,31],
			[29,36,35],
			[29,31,36],
			[35,37,34],
			[35,36,37],
			[38,41,39],
			[39,41,40],
			[38,43,42],
			[38,39,43],
			[38,42,41],
			[41,42,45],
			[41,45,44],
			[41,44,40],
			[39,44,43],
			[39,40,44],
			[43,45,42],
			[43,44,45],
			[46,49,47],
			[47,49,48],
			[46,51,50],
			[46,47,51],
			[46,50,49],
			[49,50,53],
			[49,53,52],
			[49,52,48],
			[47,52,51],
			[47,48,52],
			[51,53,50],
			[51,52,53],
			[54,57,55],
			[55,57,56],
			[54,59,58],
			[54,55,59],
			[54,58,57],
			[57,58,61],
			[57,61,60],
			[57,60,56],
			[55,60,59],
			[55,56,60],
			[59,61,58],
			[59,60,61],
			[62,37,63],
			[63,37,36],
			[62,65,64],
			[62,63,65],
			[62,64,37],
			[37,64,67],
			[37,67,66],
			[37,66,36],
			[63,66,65],
			[63,36,66],
			[65,67,64],
			[65,66,67]
		],
		"name": "851.json"
	}
}
