{
	"parsed": {
		"vertexArray": [
			[0.025,0.025,0.025],
			[0.658333,0.025,0.025],
			[0.975,0.025,0.025],
			[0.975,0.5,0.025],
			[0.975,0.816667,0.025],
			[0.658333,0.816667,0.025],
			[0.341667,0.816667,0.025],
			[0.025,0.816667,0.025],
			[0.025,0.5,0.025],
			[0.341667,0.5,0.025],
			[0.658333,0.5,0.025],
			[0.025,0.341667,0.025],
			[0.658333,0.341667,0.025],
			[0.025,0.025,0.5],
			[0.658333,0.025,0.5],
			[0.975,0.025,0.5],
			[0.975,0.5,0.5],
			[0.975,0.816667,0.5],
			[0.658333,0.816667,0.5],
			[0.341667,0.816667,0.5],
			[0.025,0.816667,0.5],
			[0.025,0.5,0.5],
			[0.341667,0.5,0.5],
			[0.658333,0.5,0.5],
			[0.025,0.341667,0.5],
			[0.658333,0.341667,0.5],
			[0.7375,0.025,0.025],
			[0.895833,0.025,0.025],
			[0.658333,0.104167,0.025],
			[0.658333,0.2625,0.025],
			[0.104167,0.5,0.025],
			[0.2625,0.5,0.025],
			[0.420833,0.5,0.025],
			[0.579167,0.5,0.025],
			[0.7375,0.5,0.025],
			[0.895833,0.5,0.025],
			[0.7375,0.025,0.341667],
			[0.895833,0.025,0.341667],
			[0.658333,0.104167,0.341667],
			[0.658333,0.2625,0.341667],
			[0.104167,0.5,0.341667],
			[0.2625,0.5,0.341667],
			[0.420833,0.5,0.341667],
			[0.579167,0.5,0.341667],
			[0.7375,0.5,0.341667],
			[0.895833,0.5,0.341667]
		],
		"faceArray": [
			[0,26,36],
			[2,4,17],
			[4,7,20],
			[0,7,20],
			[5,10,23],
			[6,9,22],
			[11,12,25],
			[8,30,40],
			[9,32,42],
			[10,34,44],
			[1,28,38],
			[0,2,4],
			[0,36,37],
			[0,37,27],
			[0,27,2],
			[0,2,15],
			[0,15,13],
			[2,17,15],
			[4,20,17],
			[0,20,13],
			[5,23,18],
			[6,22,19],
			[11,25,24],
			[8,40,41],
			[8,41,31],
			[8,31,9],
			[8,9,22],
			[8,22,21],
			[9,42,43],
			[9,43,33],
			[9,33,10],
			[9,10,23],
			[9,23,22],
			[10,44,45],
			[10,45,35],
			[10,35,3],
			[10,3,16],
			[10,16,23],
			[1,38,39],
			[1,39,29],
			[1,29,12],
			[1,12,25],
			[1,25,14],
			[0,4,7]
		],
		"name": "855.json"
	}
}
