{
	"parsed": {
		"vertexArray": [
			[0.0402633,0.025,0.0402633],
			[0.959737,0.025,0.0402633],
			[0.959737,0.0555265,0.0402633],
			[0.0402633,0.0555265,0.0402633],
			[0.0402633,0.025,0.408053],
			[0.959737,0.025,0.408053],
			[0.959737,0.0555265,0.408053],
			[0.0402633,0.0555265,0.408053],
			[0.0255517,0.0255517,0.025],
			[0.974448,0.0255517,0.025],
			[0.974448,0.790554,0.025],
			[0.0255517,0.790554,0.025],
			[0.0255517,0.0255517,0.0555265],
			[0.974448,0.0255517,0.0555265],
			[0.974448,0.790554,0.0555265],
			[0.0255517,0.790554,0.0555265],
			[0.0402633,0.208895,0.0402633],
			[0.959737,0.208895,0.0402633],
			[0.959737,0.239421,0.0402633],
			[0.0402633,0.239421,0.0402633],
			[0.0402633,0.208895,0.408053],
			[0.959737,0.208895,0.408053],
			[0.959737,0.239421,0.408053],
			[0.0402633,0.239421,0.408053],
			[0.0402633,0.392789,0.0402633],
			[0.959737,0.392789,0.0402633],
			[0.959737,0.423316,0.0402633],
			[0.0402633,0.423316,0.0402633],
			[0.0402633,0.392789,0.408053],
			[0.959737,0.392789,0.408053],
			[0.959737,0.423316,0.408053],
			[0.0402633,0.423316,0.408053],
			[0.0402633,0.576684,0.0402633],
			[0.959737,0.576684,0.0402633],
			[0.959737,0.607211,0.0402633],
			[0.0402633,0.607211,0.0402633],
			[0.0402633,0.576684,0.408053],
			[0.959737,0.576684,0.408053],
			[0.959737,0.607211,0.408053],
			[0.0402633,0.607211,0.408053],
			[0.0402633,0.760579,0.0402633],
			[0.959737,0.760579,0.0402633],
			[0.959737,0.791105,0.0402633],
			[0.0402633,0.791105,0.0402633],
			[0.0402633,0.760579,0.408053],
			[0.959737,0.760579,0.408053],
			[0.959737,0.791105,0.408053],
			[0.0402633,0.791105,0.408053],
			[0.025,0.0264712,0.0402633],
			[0.0555265,0.0264712,0.0402633],
			[0.0555265,0.789634,0.0402633],
			[0.025,0.789634,0.0402633],
			[0.025,0.0264712,0.408053],
			[0.0555265,0.0264712,0.408053],
			[0.0555265,0.789634,0.408053],
			[0.025,0.789634,0.408053],
			[0.944474,0.0264712,0.0402633],
			[0.975,0.0264712,0.0402633],
			[0.975,0.789634,0.0402633],
			[0.944474,0.789634,0.0402633],
			[0.944474,0.0264712,0.408053],
			[0.975,0.0264712,0.408053],
			[0.975,0.789634,0.408053],
			[0.944474,0.789634,0.408053]
		],
		"faceArray": [
			[0,3,1],
			[1,3,2],
			[0,5,4],
			[0,1,5],
			[0,4,3],
			[3,4,7],
			[3,7,6],
			[3,6,2],
			[1,6,5],
			[1,2,6],
			[5,7,4],
			[5,6,7],
			[8,11,9],
			[9,11,10],
			[8,13,12],
			[8,9,13],
			[8,12,11],
			[11,12,15],
			[11,15,14],
			[11,14,10],
			[9,14,13],
			[9,10,14],
			[13,15,12],
			[13,14,15],
			[16,19,17],
			[17,19,18],
			[16,21,20],
			[16,17,21],
			[16,20,19],
			[19,20,23],
			[19,23,22],
			[19,22,18],
			[17,22,21],
			[17,18,22],
			[21,23,20],
			[21,22,23],
			[24,27,25],
			[25,27,26],
			[24,29,28],
			[24,25,29],
			[24,28,27],
			[27,28,31],
			[27,31,30],
			[27,30,26],
			[25,30,29],
			[25,26,30],
			[29,31,28],
			[29,30,31],
			[32,35,33],
			[33,35,34],
			[32,37,36],
			[32,33,37],
			[32,36,35],
			[35,36,39],
			[35,39,38],
			[35,38,34],
			[33,38,37],
			[33,34,38],
			[37,39,36],
			[37,38,39],
			[40,43,41],
			[41,43,42],
			[40,45,44],
			[40,41,45],
			[40,44,43],
			[43,44,47],
			[43,47,46],
			[43,46,42],
			[41,46,45],
			[41,42,46],
			[45,47,44],
			[45,46,47],
			[48,51,49],
			[49,51,50],
			[48,53,52],
			[48,49,53],
			[48,52,51],
			[51,52,55],
			[51,55,54],
			[51,54,50],
			[49,54,53],
			[49,50,54],
			[53,55,52],
			[53,54,55],
			[56,59,57],
			[57,59,58],
			[56,61,60],
			[56,57,61],
			[56,60,59],
			[59,60,63],
			[59,63,62],
			[59,62,58],
			[57,62,61],
			[57,58,62],
			[61,63,60],
			[61,62,63]
		],
		"name": "856.json"
	}
}
