{
	"parsed": {
		"vertexArray": [
			[0.896174,0.025,0.291688],
			[0.896174,0.025,0.264271],
			[0.786507,0.025,0.264271],
			[0.786507,0.025,0.291688],
			[0.210754,0.025,0.291699],
			[0.210754,0.025,0.264282],
			[0.101087,0.025,0.264282],
			[0.101087,0.025,0.291699],
			[0.896174,0.025,0.0524167],
			[0.896174,0.025011,0.025],
			[0.786507,0.025,0.025],
			[0.786507,0.025,0.0524167],
			[0.210754,0.025,0.0524167],
			[0.210754,0.025,0.025],
			[0.101087,0.025,0.025],
			[0.101087,0.025,0.0524167],
			[0.896174,0.788294,0.291688],
			[0.896174,0.788294,0.264271],
			[0.786507,0.788294,0.264271],
			[0.786507,0.788295,0.291688],
			[0.210754,0.788295,0.291699],
			[0.210754,0.788295,0.264282],
			[0.101087,0.788294,0.264282],
			[0.101087,0.788295,0.291699],
			[0.896172,0.788294,0.0524167],
			[0.896174,0.788294,0.025],
			[0.786506,0.788294,0.025],
			[0.786506,0.788294,0.0524167],
			[0.210754,0.788294,0.0524167],
			[0.210754,0.788294,0.025],
			[0.101087,0.788294,0.025],
			[0.101087,0.788294,0.0524167],
			[0.025,0.136719,0.263328],
			[0.975,0.136719,0.263328],
			[0.974998,0.136719,0.0511556],
			[0.025,0.136719,0.0511665],
			[0.025,0.108219,0.263328],
			[0.975,0.108219,0.263328],
			[0.974998,0.108219,0.0511556],
			[0.025,0.108219,0.0511665],
			[0.025,0.43041,0.263328],
			[0.974998,0.43041,0.263328],
			[0.974998,0.43041,0.0511556],
			[0.025,0.43041,0.0511665],
			[0.025,0.40191,0.263328],
			[0.974998,0.40191,0.263328],
			[0.974999,0.40191,0.0511556],
			[0.025,0.40191,0.0511665],
			[0.025,0.747914,0.263328],
			[0.974999,0.747915,0.263328],
			[0.974998,0.747914,0.0511556],
			[0.025,0.747914,0.0511665],
			[0.025,0.719415,0.263328],
			[0.974999,0.719415,0.263328],
			[0.974998,0.719415,0.0511556],
			[0.025,0.719415,0.0511665]
		],
		"faceArray": [
			[0,3,2],
			[0,2,1],
			[4,7,6],
			[4,6,5],
			[8,11,10],
			[8,10,9],
			[12,15,14],
			[12,14,13],
			[0,1,17],
			[0,17,16],
			[1,2,18],
			[1,18,17],
			[2,3,19],
			[2,19,18],
			[3,0,16],
			[3,16,19],
			[4,5,21],
			[4,21,20],
			[5,6,22],
			[5,22,21],
			[6,7,23],
			[6,23,22],
			[7,4,20],
			[7,20,23],
			[8,9,25],
			[8,25,24],
			[9,10,26],
			[9,26,25],
			[10,11,27],
			[10,27,26],
			[11,8,24],
			[11,24,27],
			[12,13,29],
			[12,29,28],
			[13,14,30],
			[13,30,29],
			[14,15,31],
			[14,31,30],
			[15,12,28],
			[15,28,31],
			[18,19,16],
			[17,18,16],
			[22,23,20],
			[21,22,20],
			[26,27,24],
			[25,26,24],
			[30,31,28],
			[29,30,28],
			[32,33,34],
			[32,34,35],
			[32,36,37],
			[32,37,33],
			[33,37,38],
			[33,38,34],
			[34,38,39],
			[34,39,35],
			[35,39,36],
			[35,36,32],
			[36,39,38],
			[36,38,37],
			[40,41,42],
			[40,42,43],
			[40,44,45],
			[40,45,41],
			[41,45,46],
			[41,46,42],
			[42,46,47],
			[42,47,43],
			[43,47,44],
			[43,44,40],
			[44,47,46],
			[44,46,45],
			[48,49,50],
			[48,50,51],
			[48,52,53],
			[48,53,49],
			[49,53,54],
			[49,54,50],
			[50,54,55],
			[50,55,51],
			[51,55,52],
			[51,52,48],
			[52,55,54],
			[52,54,53]
		],
		"name": "860.json"
	}
}
