{
	"parsed": {
		"vertexArray": [
			[0.025,0.025,0.180738],
			[0.0353825,0.025,0.180738],
			[0.0353825,0.975,0.180738],
			[0.025,0.975,0.180738],
			[0.025,0.025,0.19112],
			[0.0353825,0.025,0.19112],
			[0.0353825,0.975,0.19112],
			[0.025,0.975,0.19112],
			[0.544126,0.025,0.180738],
			[0.554508,0.025,0.180738],
			[0.554508,0.975,0.180738],
			[0.544126,0.975,0.180738],
			[0.544126,0.025,0.19112],
			[0.554508,0.025,0.19112],
			[0.554508,0.975,0.19112],
			[0.544126,0.975,0.19112],
			[0.544126,0.025,0.025],
			[0.554508,0.025,0.025],
			[0.554508,0.975,0.025],
			[0.544126,0.975,0.025],
			[0.544126,0.025,0.0353825],
			[0.554508,0.025,0.0353825],
			[0.554508,0.975,0.0353825],
			[0.544126,0.975,0.0353825],
			[0.025,0.025,0.025],
			[0.0353825,0.025,0.025],
			[0.0353825,0.975,0.025],
			[0.025,0.975,0.025],
			[0.025,0.025,0.0353825],
			[0.0353825,0.025,0.0353825],
			[0.0353825,0.975,0.0353825],
			[0.025,0.975,0.0353825],
			[0.0301913,0.0405738,0.0301913],
			[0.549317,0.0405738,0.0301913],
			[0.549317,0.0561475,0.0301913],
			[0.0301913,0.0561475,0.0301913],
			[0.0301913,0.0405738,0.185929],
			[0.549317,0.0405738,0.185929],
			[0.549317,0.0561475,0.185929],
			[0.0301913,0.0561475,0.185929],
			[0.0301913,0.268989,0.0301913],
			[0.549317,0.268989,0.0301913],
			[0.549317,0.284563,0.0301913],
			[0.0301913,0.284563,0.0301913],
			[0.0301913,0.268989,0.185929],
			[0.549317,0.268989,0.185929],
			[0.549317,0.284563,0.185929],
			[0.0301913,0.284563,0.185929],
			[0.0301913,0.497404,0.0301913],
			[0.549317,0.497404,0.0301913],
			[0.549317,0.512978,0.0301913],
			[0.0301913,0.512978,0.0301913],
			[0.0301913,0.497404,0.185929],
			[0.549317,0.497404,0.185929],
			[0.549317,0.512978,0.185929],
			[0.0301913,0.512978,0.185929],
			[0.0301913,0.72582,0.0301913],
			[0.549317,0.72582,0.0301913],
			[0.549317,0.741393,0.0301913],
			[0.0301913,0.741393,0.0301913],
			[0.0301913,0.72582,0.185929],
			[0.549317,0.72582,0.185929],
			[0.549317,0.741393,0.185929],
			[0.0301913,0.741393,0.185929],
			[0.0301913,0.954235,0.0301913],
			[0.549317,0.954235,0.0301913],
			[0.549317,0.969809,0.0301913],
			[0.0301913,0.969809,0.0301913],
			[0.0301913,0.954235,0.185929],
			[0.549317,0.954235,0.185929],
			[0.549317,0.969809,0.185929],
			[0.0301913,0.969809,0.185929]
		],
		"faceArray": [
			[0,3,1],
			[1,3,2],
			[0,5,4],
			[0,1,5],
			[0,4,3],
			[3,4,7],
			[3,7,6],
			[3,6,2],
			[1,6,5],
			[1,2,6],
			[5,7,4],
			[5,6,7],
			[8,11,9],
			[9,11,10],
			[8,13,12],
			[8,9,13],
			[8,12,11],
			[11,12,15],
			[11,15,14],
			[11,14,10],
			[9,14,13],
			[9,10,14],
			[13,15,12],
			[13,14,15],
			[16,19,17],
			[17,19,18],
			[16,21,20],
			[16,17,21],
			[16,20,19],
			[19,20,23],
			[19,23,22],
			[19,22,18],
			[17,22,21],
			[17,18,22],
			[21,23,20],
			[21,22,23],
			[24,27,25],
			[25,27,26],
			[24,29,28],
			[24,25,29],
			[24,28,27],
			[27,28,31],
			[27,31,30],
			[27,30,26],
			[25,30,29],
			[25,26,30],
			[29,31,28],
			[29,30,31],
			[32,35,33],
			[33,35,34],
			[32,37,36],
			[32,33,37],
			[32,36,35],
			[35,36,39],
			[35,39,38],
			[35,38,34],
			[33,38,37],
			[33,34,38],
			[37,39,36],
			[37,38,39],
			[40,43,41],
			[41,43,42],
			[40,45,44],
			[40,41,45],
			[40,44,43],
			[43,44,47],
			[43,47,46],
			[43,46,42],
			[41,46,45],
			[41,42,46],
			[45,47,44],
			[45,46,47],
			[48,51,49],
			[49,51,50],
			[48,53,52],
			[48,49,53],
			[48,52,51],
			[51,52,55],
			[51,55,54],
			[51,54,50],
			[49,54,53],
			[49,50,54],
			[53,55,52],
			[53,54,55],
			[56,59,57],
			[57,59,58],
			[56,61,60],
			[56,57,61],
			[56,60,59],
			[59,60,63],
			[59,63,62],
			[59,62,58],
			[57,62,61],
			[57,58,62],
			[61,63,60],
			[61,62,63],
			[64,67,65],
			[65,67,66],
			[64,69,68],
			[64,65,69],
			[64,68,67],
			[67,68,71],
			[67,71,70],
			[67,70,66],
			[65,70,69],
			[65,66,70],
			[69,71,68],
			[69,70,71]
		],
		"name": "867.json"
	}
}
