{
	"parsed": {
		"vertexArray": [
			[0.862057,0.94847,0.435313],
			[0.41819,0.944056,0.858889],
			[0.0591332,0.9398,0.482587],
			[0.503001,0.944214,0.0590114],
			[0.864043,0.765485,0.435488],
			[0.420176,0.761071,0.859064],
			[0.0611194,0.756814,0.482762],
			[0.504987,0.761228,0.0591859],
			[0.55881,0.761866,0.115594],
			[0.511266,0.761393,0.160965],
			[0.457443,0.760755,0.104556],
			[0.566754,0.030052,0.116292],
			[0.519209,0.0295792,0.161663],
			[0.465386,0.0289411,0.105254],
			[0.51293,0.0294139,0.0598836],
			[0.108663,0.757287,0.437391],
			[0.162487,0.757925,0.4938],
			[0.114943,0.757452,0.53917],
			[0.116607,0.0254728,0.438089],
			[0.17043,0.0261109,0.494497],
			[0.122886,0.0256381,0.539868],
			[0.0690628,0.025,0.48346],
			[0.366265,0.760432,0.802563],
			[0.413809,0.760904,0.757192],
			[0.46772,0.761543,0.813693],
			[0.374208,0.0286174,0.803261],
			[0.421752,0.0290902,0.75789],
			[0.475663,0.0297293,0.814391],
			[0.428119,0.0292565,0.859761],
			[0.816499,0.765012,0.480858],
			[0.762588,0.764373,0.424357],
			[0.810132,0.764845,0.378987],
			[0.824443,0.0331977,0.481556],
			[0.770531,0.0325586,0.425055],
			[0.818075,0.0330314,0.379685],
			[0.871987,0.0336705,0.436185],
			[0.895622,0.975,0.438969],
			[0.419997,0.97027,0.892851],
			[0.025,0.965588,0.478882],
			[0.500625,0.970317,0.025],
			[0.895906,0.948841,0.438994],
			[0.420281,0.944111,0.892876],
			[0.0252839,0.939429,0.478907],
			[0.500909,0.944158,0.0250249],
			[0.237985,0.848021,0.700844],
			[0.2251,0.866246,0.687533],
			[0.212528,0.847591,0.674164],
			[0.225412,0.829367,0.687476],
			[0.230045,0.847942,0.708421],
			[0.217161,0.866167,0.695109],
			[0.204588,0.847512,0.68174],
			[0.217473,0.829288,0.695052],
			[0.36351,0.901865,0.836766],
			[0.362651,0.797227,0.836978],
			[0.0654577,0.799073,0.545886],
			[0.0663162,0.903711,0.545673],
			[0.378867,0.901707,0.821085],
			[0.378009,0.797069,0.821298],
			[0.0808156,0.798915,0.530205],
			[0.081674,0.903553,0.529992]
		],
		"faceArray": [
			[2,1,0],
			[3,2,0],
			[1,2,3],
			[0,1,3],
			[7,3,0],
			[4,7,0],
			[3,7,4],
			[0,3,4],
			[4,0,1],
			[5,4,1],
			[0,4,5],
			[1,0,5],
			[5,1,2],
			[6,5,2],
			[1,5,6],
			[2,1,6],
			[6,2,3],
			[7,6,3],
			[2,6,7],
			[3,2,7],
			[5,6,7],
			[4,5,7],
			[6,5,4],
			[7,6,4],
			[10,9,8],
			[7,10,8],
			[9,10,7],
			[8,9,7],
			[14,7,8],
			[11,14,8],
			[13,10,7],
			[14,13,7],
			[10,13,14],
			[7,10,14],
			[12,13,14],
			[11,12,14],
			[13,12,11],
			[14,13,11],
			[12,11,8],
			[9,12,8],
			[11,12,9],
			[8,11,9],
			[13,12,9],
			[10,13,9],
			[12,13,10],
			[9,12,10],
			[17,16,15],
			[6,17,15],
			[16,17,6],
			[15,16,6],
			[21,6,15],
			[18,21,15],
			[20,17,6],
			[21,20,6],
			[17,20,21],
			[6,17,21],
			[19,20,21],
			[18,19,21],
			[20,19,18],
			[21,20,18],
			[19,18,15],
			[16,19,15],
			[18,19,16],
			[15,18,16],
			[20,19,16],
			[17,20,16],
			[19,20,17],
			[16,19,17],
			[24,23,22],
			[5,24,22],
			[23,24,5],
			[22,23,5],
			[28,5,22],
			[25,28,22],
			[27,24,5],
			[28,27,5],
			[24,27,28],
			[5,24,28],
			[26,27,28],
			[25,26,28],
			[27,26,25],
			[28,27,25],
			[26,25,22],
			[23,26,22],
			[25,26,23],
			[22,25,23],
			[27,26,23],
			[24,27,23],
			[26,27,24],
			[23,26,24],
			[31,30,29],
			[4,31,29],
			[30,31,4],
			[29,30,4],
			[35,4,29],
			[32,35,29],
			[34,31,4],
			[35,34,4],
			[31,34,35],
			[4,31,35],
			[33,34,35],
			[32,33,35],
			[34,33,32],
			[35,34,32],
			[33,32,29],
			[30,33,29],
			[32,33,30],
			[29,32,30],
			[34,33,30],
			[31,34,30],
			[33,34,31],
			[30,33,31],
			[38,37,36],
			[39,38,36],
			[37,38,39],
			[36,37,39],
			[43,39,36],
			[40,43,36],
			[39,43,40],
			[36,39,40],
			[40,36,37],
			[41,40,37],
			[36,40,41],
			[37,36,41],
			[41,37,38],
			[42,41,38],
			[37,41,42],
			[38,37,42],
			[42,38,39],
			[43,42,39],
			[38,42,43],
			[39,38,43],
			[41,42,43],
			[40,41,43],
			[42,41,40],
			[43,42,40],
			[46,45,44],
			[47,46,44],
			[45,46,47],
			[44,45,47],
			[51,47,44],
			[48,51,44],
			[47,51,48],
			[44,47,48],
			[48,44,45],
			[49,48,45],
			[44,48,49],
			[45,44,49],
			[49,45,46],
			[50,49,46],
			[45,49,50],
			[46,45,50],
			[50,46,47],
			[51,50,47],
			[46,50,51],
			[47,46,51],
			[49,50,51],
			[48,49,51],
			[50,49,48],
			[51,50,48],
			[54,53,52],
			[55,54,52],
			[53,54,55],
			[52,53,55],
			[59,55,52],
			[56,59,52],
			[55,59,56],
			[52,55,56],
			[56,52,53],
			[57,56,53],
			[52,56,57],
			[53,52,57],
			[57,53,54],
			[58,57,54],
			[53,57,58],
			[54,53,58],
			[58,54,55],
			[59,58,55],
			[54,58,59],
			[55,54,59],
			[57,58,59],
			[56,57,59],
			[58,57,56],
			[59,58,56]
		],
		"name": "871.json"
	}
}
