{
	"parsed": {
		"vertexArray": [
			[0.930893,0.14375,0.0691071],
			[0.930893,0.123393,0.0691071],
			[0.0691071,0.123393,0.0691071],
			[0.0691071,0.14375,0.0691071],
			[0.0691071,0.14375,0.388036],
			[0.0691071,0.123393,0.388036],
			[0.930893,0.123393,0.388036],
			[0.930893,0.14375,0.388036],
			[0.0521429,0.355804,0.411786],
			[0.0521429,0.355804,0.0453571],
			[0.947857,0.355804,0.0453571],
			[0.947857,0.355804,0.411786],
			[0.0521429,0.313393,0.364286],
			[0.0521429,0.313393,0.0928571],
			[0.0928571,0.313393,0.0928571],
			[0.0928571,0.313393,0.364286],
			[0.0521429,0.265893,0.364286],
			[0.0521429,0.265893,0.0928571],
			[0.0928571,0.265893,0.0928571],
			[0.0928571,0.265893,0.364286],
			[0.907143,0.313393,0.0453571],
			[0.0928571,0.313393,0.0453571],
			[0.907143,0.313393,0.0928571],
			[0.907143,0.265893,0.0928571],
			[0.907143,0.265893,0.0453571],
			[0.0928571,0.265893,0.0453571],
			[0.947857,0.313393,0.364286],
			[0.907143,0.313393,0.364286],
			[0.907143,0.313393,0.411786],
			[0.947857,0.313393,0.0928571],
			[0.0928571,0.313393,0.411786],
			[0.0928571,0.265893,0.411786],
			[0.947857,0.265893,0.0928571],
			[0.907143,0.265893,0.411786],
			[0.907143,0.265893,0.364286],
			[0.947857,0.265893,0.364286],
			[0.947857,0.025,0.364286],
			[0.975,0.313393,0.364286],
			[0.907143,0.025,0.364286],
			[0.975,0.313393,0.432143],
			[0.947857,0.025,0.411786],
			[0.907143,0.025,0.411786],
			[0.907143,0.313393,0.432143],
			[0.907143,0.025,0.0453571],
			[0.907143,0.313393,0.025],
			[0.907143,0.025,0.0928571],
			[0.975,0.313393,0.025],
			[0.947857,0.025,0.0453571],
			[0.947857,0.025,0.0928571],
			[0.975,0.313393,0.0928571],
			[0.0521429,0.025,0.0928571],
			[0.025,0.313393,0.0928571],
			[0.0928571,0.025,0.0928571],
			[0.025,0.313393,0.025],
			[0.0521429,0.025,0.0453571],
			[0.0928571,0.025,0.0453571],
			[0.0928571,0.313393,0.025],
			[0.0928571,0.025,0.411786],
			[0.0928571,0.313393,0.432143],
			[0.0928571,0.025,0.364286],
			[0.025,0.313393,0.432143],
			[0.0521429,0.025,0.411786],
			[0.0521429,0.025,0.364286],
			[0.025,0.313393,0.364286],
			[0.025,0.347321,0.432143],
			[0.975,0.347321,0.432143],
			[0.975,0.347321,0.025],
			[0.025,0.347321,0.025]
		],
		"faceArray": [
			[66,46,53],
			[65,39,46],
			[64,60,39],
			[67,53,60],
			[62,61,60],
			[59,62,63],
			[57,59,15],
			[60,61,57],
			[55,54,53],
			[14,52,55],
			[51,50,52],
			[53,54,50],
			[48,47,46],
			[45,48,49],
			[43,45,22],
			[46,47,43],
			[41,40,39],
			[27,38,41],
			[37,36,38],
			[39,40,36],
			[31,33,28],
			[27,34,19],
			[34,33,31],
			[25,24,23],
			[18,23,22],
			[20,24,25],
			[26,35,32],
			[22,23,34],
			[23,32,35],
			[16,17,18],
			[19,18,14],
			[17,16,12],
			[46,39,60],
			[9,10,66],
			[11,65,66],
			[8,64,65],
			[64,8,9],
			[8,11,10],
			[5,6,7],
			[6,1,0],
			[0,1,2],
			[2,5,4],
			[4,7,0],
			[2,1,6],
			[66,53,67],
			[65,46,66],
			[64,39,65],
			[67,60,64],
			[62,60,63],
			[59,63,15],
			[57,15,58],
			[60,57,58],
			[55,53,56],
			[14,55,56],
			[51,52,14],
			[53,50,51],
			[48,46,49],
			[45,49,22],
			[43,22,44],
			[46,43,44],
			[41,39,42],
			[27,41,42],
			[37,38,27],
			[39,36,37],
			[31,28,30],
			[27,19,15],
			[34,31,19],
			[25,23,18],
			[18,22,14],
			[20,25,21],
			[26,32,29],
			[22,34,27],
			[23,35,34],
			[16,18,19],
			[19,14,15],
			[17,12,13],
			[46,60,53],
			[9,66,67],
			[11,66,10],
			[8,65,11],
			[64,9,67],
			[8,10,9],
			[5,7,4],
			[6,0,7],
			[0,2,3],
			[2,4,3],
			[4,0,3],
			[2,6,5]
		],
		"name": "874.json"
	}
}
