{
	"parsed": {
		"vertexArray": [
			[0.879578,0.664286,0.120422],
			[0.879578,0.664286,0.879574],
			[0.120422,0.664286,0.879574],
			[0.120422,0.664286,0.120422],
			[0.975,0.624331,0.025],
			[0.975,0.624331,0.974996],
			[0.025,0.624331,0.974996],
			[0.025,0.624331,0.025],
			[0.879578,0.584376,0.120422],
			[0.879578,0.584376,0.879574],
			[0.120422,0.584376,0.879574],
			[0.120422,0.584376,0.120422],
			[0.859597,0.584376,0.739731],
			[0.859597,0.584376,0.859597],
			[0.739731,0.584376,0.859597],
			[0.739731,0.584376,0.739731],
			[0.841621,0.0250001,0.75771],
			[0.841621,0.0250001,0.841621],
			[0.75771,0.0250001,0.841621],
			[0.75771,0.0250001,0.75771],
			[0.859597,0.584376,0.140399],
			[0.859597,0.584376,0.260265],
			[0.739731,0.584376,0.260265],
			[0.739731,0.584376,0.140399],
			[0.841621,0.025,0.158379],
			[0.841621,0.025,0.24229],
			[0.75771,0.025,0.24229],
			[0.75771,0.025,0.158379],
			[0.260265,0.584376,0.140399],
			[0.260265,0.584376,0.260265],
			[0.140399,0.584376,0.260265],
			[0.140399,0.584376,0.140399],
			[0.24229,0.025,0.158379],
			[0.24229,0.025,0.24229],
			[0.158379,0.025,0.24229],
			[0.158379,0.025,0.158379],
			[0.260265,0.584376,0.739731],
			[0.260265,0.584376,0.859597],
			[0.140399,0.584376,0.859597],
			[0.140399,0.584376,0.739731],
			[0.24229,0.0250001,0.75771],
			[0.24229,0.0250001,0.841621],
			[0.158379,0.0250001,0.841621],
			[0.158379,0.0250001,0.75771]
		],
		"faceArray": [
			[0,3,2],
			[0,2,1],
			[0,1,5],
			[0,5,4],
			[1,2,6],
			[1,6,5],
			[2,3,7],
			[2,7,6],
			[3,0,4],
			[3,4,7],
			[4,5,9],
			[4,9,8],
			[5,6,10],
			[5,10,9],
			[6,7,11],
			[6,11,10],
			[7,4,8],
			[7,8,11],
			[10,11,8],
			[9,10,8],
			[12,13,17],
			[12,17,16],
			[13,14,18],
			[13,18,17],
			[14,15,19],
			[14,19,18],
			[15,12,16],
			[15,16,19],
			[20,21,25],
			[20,25,24],
			[21,22,26],
			[21,26,25],
			[22,23,27],
			[22,27,26],
			[23,20,24],
			[23,24,27],
			[28,29,33],
			[28,33,32],
			[29,30,34],
			[29,34,33],
			[30,31,35],
			[30,35,34],
			[31,28,32],
			[31,32,35],
			[36,37,41],
			[36,41,40],
			[37,38,42],
			[37,42,41],
			[38,39,43],
			[38,43,42],
			[39,36,40],
			[39,40,43]
		],
		"name": "876.json"
	}
}
