{
	"parsed": {
		"vertexArray": [
			[0.975,0.351352,0.025],
			[0.975,0.351352,0.975],
			[0.025,0.351352,0.975],
			[0.025,0.351352,0.025],
			[0.975,0.325837,0.025],
			[0.975,0.325837,0.975],
			[0.025,0.325837,0.975],
			[0.025,0.325837,0.025],
			[0.838675,0.025,0.832265],
			[0.823291,0.025,0.84765],
			[0.823291,0.297424,0.84765],
			[0.838675,0.297424,0.832265],
			[0.81688,0.025,0.81047],
			[0.801496,0.025,0.825641],
			[0.801496,0.297424,0.825641],
			[0.81688,0.297424,0.81047],
			[0.196154,0.0250005,0.187393],
			[0.180983,0.0250005,0.202778],
			[0.180983,0.297424,0.202778],
			[0.196154,0.297424,0.187393],
			[0.174359,0.0250005,0.165598],
			[0.158974,0.0250005,0.180769],
			[0.158974,0.297424,0.180769],
			[0.174359,0.297424,0.165598],
			[0.838675,0.324867,0.832265],
			[0.823291,0.324867,0.84765],
			[0.159615,0.324867,0.18141],
			[0.175,0.324867,0.166239],
			[0.838675,0.298016,0.832265],
			[0.823291,0.298016,0.84765],
			[0.159615,0.298016,0.18141],
			[0.175,0.298016,0.166239],
			[0.824573,0.025,0.166667],
			[0.839957,0.025,0.182051],
			[0.839957,0.297424,0.182051],
			[0.824573,0.297424,0.166667],
			[0.802778,0.025,0.188675],
			[0.817949,0.025,0.203846],
			[0.817949,0.297424,0.203846],
			[0.802778,0.297424,0.188675],
			[0.179701,0.025,0.809188],
			[0.195085,0.025,0.824573],
			[0.195085,0.297424,0.824573],
			[0.179701,0.297424,0.809188],
			[0.157906,0.025,0.830983],
			[0.173077,0.025,0.846368],
			[0.173077,0.297424,0.846368],
			[0.157906,0.297424,0.830983],
			[0.824573,0.324867,0.166667],
			[0.839957,0.324867,0.182051],
			[0.173718,0.324867,0.845726],
			[0.158333,0.324867,0.830556],
			[0.824573,0.298016,0.166667],
			[0.839957,0.298016,0.182051],
			[0.173718,0.298016,0.845726],
			[0.158333,0.298016,0.830556]
		],
		"faceArray": [
			[2,1,0],
			[3,2,0],
			[5,4,0],
			[1,5,0],
			[6,5,1],
			[2,6,1],
			[7,6,2],
			[3,7,2],
			[4,7,3],
			[0,4,3],
			[6,7,4],
			[5,6,4],
			[10,9,8],
			[11,10,8],
			[13,12,8],
			[9,13,8],
			[14,13,9],
			[10,14,9],
			[15,14,10],
			[11,15,10],
			[12,15,11],
			[8,12,11],
			[14,15,12],
			[13,14,12],
			[18,17,16],
			[19,18,16],
			[21,20,16],
			[17,21,16],
			[22,21,17],
			[18,22,17],
			[23,22,18],
			[19,23,18],
			[20,23,19],
			[16,20,19],
			[22,23,20],
			[21,22,20],
			[26,25,24],
			[27,26,24],
			[29,28,24],
			[25,29,24],
			[30,29,25],
			[26,30,25],
			[31,30,26],
			[27,31,26],
			[28,31,27],
			[24,28,27],
			[30,31,28],
			[29,30,28],
			[34,33,32],
			[35,34,32],
			[37,36,32],
			[33,37,32],
			[38,37,33],
			[34,38,33],
			[39,38,34],
			[35,39,34],
			[36,39,35],
			[32,36,35],
			[38,39,36],
			[37,38,36],
			[42,41,40],
			[43,42,40],
			[45,44,40],
			[41,45,40],
			[46,45,41],
			[42,46,41],
			[47,46,42],
			[43,47,42],
			[44,47,43],
			[40,44,43],
			[46,47,44],
			[45,46,44],
			[50,49,48],
			[51,50,48],
			[53,52,48],
			[49,53,48],
			[54,53,49],
			[50,54,49],
			[55,54,50],
			[51,55,50],
			[52,55,51],
			[48,52,51],
			[54,55,52],
			[53,54,52]
		],
		"name": "877.json"
	}
}
