{
	"parsed": {
		"vertexArray": [
			[0.897733,0.531667,0.102267],
			[0.897733,0.531667,0.2644],
			[0.102267,0.531667,0.102267],
			[0.102267,0.531667,0.2644],
			[0.153567,0.531667,0.102267],
			[0.846433,0.531667,0.2644],
			[0.846433,0.531667,0.102267],
			[0.153567,0.531667,0.2644],
			[0.887473,0.025,0.22336],
			[0.887473,0.025,0.143307],
			[0.112527,0.025,0.22336],
			[0.112527,0.025,0.143307],
			[0.102267,0.531667,0.2131],
			[0.102267,0.531667,0.153567],
			[0.897733,0.531667,0.2131],
			[0.897733,0.531667,0.153567],
			[0.143307,0.025,0.112527],
			[0.856693,0.025,0.25414],
			[0.856693,0.025,0.112527],
			[0.143307,0.025,0.25414],
			[0.887473,0.025,0.25414],
			[0.112527,0.025,0.112527],
			[0.887473,0.025,0.112527],
			[0.112527,0.025,0.25414],
			[0.143307,0.025,0.143307],
			[0.153567,0.531667,0.153567],
			[0.153567,0.531667,0.2131],
			[0.856693,0.025,0.143307],
			[0.846433,0.531667,0.2131],
			[0.143307,0.025,0.22336],
			[0.846433,0.531667,0.153567],
			[0.856693,0.025,0.22336],
			[0.025,0.634583,0.025],
			[0.975,0.658333,0.341667],
			[0.025,0.658333,0.341667],
			[0.975,0.634583,0.341667],
			[0.025,0.634583,0.341667],
			[0.04875,0.634583,0.317917],
			[0.0804167,0.595,0.28625],
			[0.919583,0.52375,0.28625],
			[0.919583,0.595,0.28625],
			[0.95125,0.595,0.04875],
			[0.95125,0.595,0.317917],
			[0.95125,0.634583,0.04875],
			[0.95125,0.634583,0.317917],
			[0.04875,0.595,0.04875],
			[0.025,0.658333,0.025],
			[0.975,0.634583,0.025],
			[0.0804167,0.52375,0.0804167],
			[0.04875,0.595,0.317917],
			[0.919583,0.595,0.0804167],
			[0.04875,0.634583,0.04875],
			[0.975,0.658333,0.025],
			[0.919583,0.52375,0.0804167],
			[0.0804167,0.52375,0.28625],
			[0.0804167,0.595,0.0804167],
			[0.0566667,0.658333,0.0566667],
			[0.943333,0.658333,0.0566667],
			[0.0566667,0.658333,0.31],
			[0.943333,0.658333,0.31]
		],
		"faceArray": [
			[24,4,16],
			[11,2,13],
			[29,7,26],
			[10,3,23],
			[27,6,30],
			[9,0,22],
			[31,5,17],
			[8,1,14],
			[4,24,25],
			[2,11,21],
			[7,29,19],
			[3,10,12],
			[6,27,18],
			[0,9,15],
			[5,31,28],
			[1,8,20],
			[21,4,2],
			[13,4,25],
			[11,16,21],
			[11,25,24],
			[23,7,19],
			[12,7,3],
			[10,19,29],
			[10,26,12],
			[22,6,18],
			[15,6,0],
			[9,18,27],
			[9,30,15],
			[20,5,1],
			[14,5,28],
			[8,17,20],
			[8,28,31],
			[4,21,16],
			[4,13,2],
			[16,11,24],
			[25,11,13],
			[7,23,3],
			[7,12,26],
			[19,10,23],
			[26,10,29],
			[6,22,0],
			[6,15,30],
			[18,9,22],
			[30,9,27],
			[5,20,17],
			[5,14,1],
			[17,8,31],
			[28,8,14],
			[42,43,41],
			[49,51,37],
			[39,50,53],
			[54,55,38],
			[36,46,34],
			[35,52,47],
			[43,42,44],
			[51,49,45],
			[50,39,40],
			[55,54,48],
			[46,36,32],
			[52,35,33],
			[45,43,51],
			[49,44,42],
			[48,50,55],
			[54,40,39],
			[36,33,35],
			[32,52,46],
			[43,45,41],
			[44,49,37],
			[50,48,53],
			[40,54,38],
			[33,36,34],
			[52,32,47],
			[54,53,48],
			[57,46,52],
			[33,57,52],
			[34,59,33],
			[46,58,34],
			[36,47,32],
			[53,54,39],
			[46,57,56],
			[57,33,59],
			[59,34,58],
			[58,46,56],
			[47,36,35],
			[58,57,59],
			[57,58,56]
		],
		"name": "881.json"
	}
}
