{
	"parsed": {
		"vertexArray": [
			[0.025,0.5,0.025],
			[0.975,0.5,0.025],
			[0.975,0.559375,0.025],
			[0.025,0.559375,0.025],
			[0.025,0.5,0.5],
			[0.975,0.5,0.5],
			[0.975,0.559375,0.5],
			[0.025,0.559375,0.5],
			[0.915625,0.025,0.440625],
			[0.975,0.025,0.440625],
			[0.975,0.5,0.440625],
			[0.915625,0.5,0.440625],
			[0.915625,0.025,0.5],
			[0.975,0.025,0.5],
			[0.915625,0.5,0.5],
			[0.915625,0.025,0.025],
			[0.975,0.025,0.025],
			[0.915625,0.5,0.025],
			[0.915625,0.025,0.084375],
			[0.975,0.025,0.084375],
			[0.975,0.5,0.084375],
			[0.915625,0.5,0.084375],
			[0.025,0.025,0.440625],
			[0.084375,0.025,0.440625],
			[0.084375,0.5,0.440625],
			[0.025,0.5,0.440625],
			[0.025,0.025,0.5],
			[0.084375,0.025,0.5],
			[0.084375,0.5,0.5],
			[0.025,0.025,0.025],
			[0.084375,0.025,0.025],
			[0.084375,0.5,0.025],
			[0.025,0.025,0.084375],
			[0.084375,0.025,0.084375],
			[0.084375,0.5,0.084375],
			[0.025,0.5,0.084375]
		],
		"faceArray": [
			[0,3,1],
			[1,3,2],
			[0,5,4],
			[0,1,5],
			[0,4,3],
			[3,4,7],
			[3,7,6],
			[3,6,2],
			[1,6,5],
			[1,2,6],
			[5,7,4],
			[5,6,7],
			[8,11,9],
			[9,11,10],
			[8,13,12],
			[8,9,13],
			[8,12,11],
			[11,12,14],
			[11,14,5],
			[11,5,10],
			[9,5,13],
			[9,10,5],
			[13,14,12],
			[13,5,14],
			[15,17,16],
			[16,17,1],
			[15,19,18],
			[15,16,19],
			[15,18,17],
			[17,18,21],
			[17,21,20],
			[17,20,1],
			[16,20,19],
			[16,1,20],
			[19,21,18],
			[19,20,21],
			[22,25,23],
			[23,25,24],
			[22,27,26],
			[22,23,27],
			[22,26,25],
			[25,26,4],
			[25,4,28],
			[25,28,24],
			[23,28,27],
			[23,24,28],
			[27,4,26],
			[27,28,4],
			[29,0,30],
			[30,0,31],
			[29,33,32],
			[29,30,33],
			[29,32,0],
			[0,32,35],
			[0,35,34],
			[0,34,31],
			[30,34,33],
			[30,31,34],
			[33,35,32],
			[33,34,35]
		],
		"name": "888.json"
	}
}
