{
	"parsed": {
		"vertexArray": [
			[0.025,0.25027,0.0250582],
			[0.025,0.237076,0.0250582],
			[0.974992,0.237076,0.0250114],
			[0.974992,0.25027,0.0250114],
			[0.0250082,0.25027,0.236167],
			[0.0250082,0.237076,0.236167],
			[0.975,0.237076,0.236121],
			[0.975,0.25027,0.236121],
			[0.551154,0.025,0.236141],
			[0.551154,0.23611,0.236152],
			[0.551137,0.23612,0.0250429],
			[0.551137,0.0250111,0.0250314],
			[0.551145,0.0250019,0.200956],
			[0.551145,0.200927,0.200965],
			[0.551137,0.200934,0.0602259],
			[0.551137,0.0250092,0.0602167],
			[0.515961,0.0250019,0.200959],
			[0.515961,0.200927,0.200968],
			[0.515952,0.200934,0.0602286],
			[0.515952,0.0250092,0.0602194],
			[0.515952,0.0250111,0.0250349],
			[0.515952,0.23612,0.0250454],
			[0.515969,0.23611,0.236155],
			[0.515969,0.025,0.236144],
			[0.973364,0.200927,0.200933],
			[0.938179,0.200927,0.200936],
			[0.938179,0.0250019,0.200927],
			[0.973364,0.0250019,0.200924],
			[0.973356,0.200934,0.0601938],
			[0.938171,0.200934,0.0601964],
			[0.973356,0.0250092,0.0601845],
			[0.938171,0.0250092,0.0601872],
			[0.973356,0.0250111,0.025],
			[0.938171,0.0250111,0.0250025],
			[0.973356,0.23612,0.0250106],
			[0.938171,0.23612,0.0250131],
			[0.973373,0.23611,0.23612],
			[0.938188,0.23611,0.236122],
			[0.973373,0.025,0.236109],
			[0.938188,0.025,0.236112]
		],
		"faceArray": [
			[2,1,0],
			[3,2,0],
			[5,6,7],
			[4,5,7],
			[6,2,3],
			[7,6,3],
			[3,0,4],
			[7,3,4],
			[1,5,4],
			[0,1,4],
			[6,5,1],
			[2,6,1],
			[16,17,13],
			[12,16,13],
			[17,18,14],
			[13,17,14],
			[18,19,15],
			[14,18,15],
			[20,21,10],
			[11,20,10],
			[21,22,9],
			[10,21,9],
			[22,23,8],
			[9,22,8],
			[15,11,10],
			[14,15,10],
			[14,10,9],
			[13,14,9],
			[13,9,8],
			[12,13,8],
			[20,19,18],
			[21,20,18],
			[21,18,17],
			[22,21,17],
			[22,17,16],
			[23,22,16],
			[26,25,24],
			[27,26,24],
			[25,29,28],
			[24,25,28],
			[29,31,30],
			[28,29,30],
			[33,35,34],
			[32,33,34],
			[35,37,36],
			[34,35,36],
			[37,39,38],
			[36,37,38],
			[30,32,34],
			[28,30,34],
			[28,34,36],
			[24,28,36],
			[24,36,38],
			[27,24,38],
			[33,31,29],
			[35,33,29],
			[35,29,25],
			[37,35,25],
			[37,25,26],
			[39,37,26]
		],
		"name": "903.json"
	}
}
