{
	"parsed": {
		"vertexArray": [
			[0.025,0.84105,0.975],
			[0.975,0.84105,0.975],
			[0.975,0.84105,0.025],
			[0.025,0.84105,0.025],
			[0.025,0.8135,0.975],
			[0.975,0.8135,0.975],
			[0.975,0.8135,0.025],
			[0.025,0.8135,0.025],
			[0.0269,0.8135,0.9731],
			[0.9731,0.8135,0.9731],
			[0.9731,0.8135,0.0269],
			[0.0269,0.8135,0.0269],
			[0.0269,0.785,0.9731],
			[0.9731,0.785,0.9731],
			[0.9731,0.785,0.0269],
			[0.0269,0.785,0.0269],
			[0.0554,0.8135,0.9446],
			[0.9446,0.8135,0.9446],
			[0.9446,0.8135,0.0554],
			[0.0554,0.8135,0.0554],
			[0.0554,0.785,0.9446],
			[0.9446,0.785,0.9446],
			[0.9446,0.785,0.0554],
			[0.0554,0.785,0.0554],
			[0.0554,0.785,0.9731],
			[0.9446,0.785,0.9731],
			[0.9731,0.785,0.9446],
			[0.9731,0.785,0.0554],
			[0.9446,0.785,0.0269],
			[0.0554,0.785,0.0269],
			[0.0269,0.785,0.0554],
			[0.0269,0.785,0.9446],
			[0.0269,0.025,0.9731],
			[0.0554,0.025,0.9731],
			[0.0554,0.025,0.9446],
			[0.0269,0.025,0.9446],
			[0.9446,0.025,0.9731],
			[0.9731,0.025,0.9731],
			[0.9731,0.025,0.9446],
			[0.9446,0.025,0.9446],
			[0.9731,0.025,0.0554],
			[0.9731,0.025,0.0269],
			[0.9446,0.025,0.0269],
			[0.9446,0.025,0.0554],
			[0.0554,0.025,0.0269],
			[0.0269,0.025,0.0269],
			[0.0269,0.025,0.0554],
			[0.0554,0.025,0.0554]
		],
		"faceArray": [
			[0,1,2],
			[4,7,6],
			[0,4,5],
			[1,5,6],
			[2,6,7],
			[3,7,4],
			[8,12,13],
			[9,13,14],
			[10,14,15],
			[11,15,12],
			[16,17,21],
			[17,18,22],
			[18,19,23],
			[19,16,20],
			[12,13,21],
			[13,14,22],
			[14,15,23],
			[15,12,20],
			[12,32,33],
			[24,33,34],
			[20,33,34],
			[31,35,32],
			[25,36,37],
			[13,37,38],
			[26,38,39],
			[21,39,36],
			[22,43,40],
			[27,40,41],
			[14,41,42],
			[28,42,43],
			[30,46,47],
			[23,47,44],
			[29,44,45],
			[15,45,46],
			[0,2,3],
			[4,6,5],
			[0,5,1],
			[1,6,2],
			[2,7,3],
			[3,4,0],
			[8,13,9],
			[9,14,10],
			[10,15,11],
			[11,12,8],
			[16,21,20],
			[17,22,21],
			[18,23,22],
			[19,20,23],
			[12,21,20],
			[13,22,21],
			[14,23,22],
			[15,20,23],
			[12,33,24],
			[24,34,20],
			[20,34,20],
			[31,32,12],
			[25,37,13],
			[13,38,26],
			[26,39,21],
			[21,36,25],
			[22,40,27],
			[27,41,14],
			[14,42,28],
			[28,43,22],
			[30,47,23],
			[23,44,29],
			[29,45,15],
			[15,46,30]
		],
		"name": "905.json"
	}
}
