{
	"parsed": {
		"vertexArray": [
			[0.06775,0.025,0.44775],
			[0.06775,0.025,0.45725],
			[0.07725,0.025,0.44775],
			[0.07725,0.025,0.45725],
			[0.063,0.4525,0.443],
			[0.063,0.4525,0.462],
			[0.082,0.4525,0.443],
			[0.082,0.4525,0.462],
			[0.92275,0.025,0.44775],
			[0.92275,0.025,0.45725],
			[0.93225,0.025,0.44775],
			[0.93225,0.025,0.45725],
			[0.918,0.4525,0.443],
			[0.918,0.4525,0.462],
			[0.937,0.4525,0.443],
			[0.937,0.4525,0.462],
			[0.92275,0.025,0.06775],
			[0.92275,0.025,0.07725],
			[0.93225,0.025,0.06775],
			[0.93225,0.025,0.07725],
			[0.918,0.4525,0.063],
			[0.918,0.4525,0.082],
			[0.937,0.4525,0.063],
			[0.937,0.4525,0.082],
			[0.06775,0.025,0.06775],
			[0.06775,0.025,0.07725],
			[0.07725,0.025,0.06775],
			[0.07725,0.025,0.07725],
			[0.063,0.4525,0.063],
			[0.063,0.4525,0.082],
			[0.082,0.4525,0.063],
			[0.082,0.4525,0.082],
			[0.025,0.42875,0.025],
			[0.975,0.42875,0.025],
			[0.975,0.47625,0.025],
			[0.025,0.47625,0.025],
			[0.025,0.42875,0.5],
			[0.975,0.42875,0.5],
			[0.975,0.47625,0.5],
			[0.025,0.47625,0.5],
			[0.025,0.478625,0.025],
			[0.975,0.478625,0.025],
			[0.975,0.478625,0.5],
			[0.025,0.478625,0.5]
		],
		"faceArray": [
			[0,1,3],
			[4,5,7],
			[2,3,7],
			[0,1,5],
			[1,3,7],
			[0,2,6],
			[8,9,11],
			[12,13,15],
			[10,11,15],
			[8,9,13],
			[9,11,15],
			[8,10,14],
			[16,17,19],
			[20,21,23],
			[18,19,23],
			[16,17,21],
			[17,19,23],
			[16,18,22],
			[24,25,27],
			[28,29,31],
			[26,27,31],
			[24,25,29],
			[25,27,31],
			[24,26,30],
			[32,35,33],
			[33,35,34],
			[32,37,36],
			[32,33,37],
			[32,36,35],
			[35,36,39],
			[35,39,38],
			[35,38,34],
			[33,38,37],
			[33,34,38],
			[37,39,36],
			[37,38,39],
			[40,41,42],
			[0,3,2],
			[4,7,6],
			[2,7,6],
			[0,5,4],
			[1,7,5],
			[0,6,4],
			[8,11,10],
			[12,15,14],
			[10,15,14],
			[8,13,12],
			[9,15,13],
			[8,14,12],
			[16,19,18],
			[20,23,22],
			[18,23,22],
			[16,21,20],
			[17,23,21],
			[16,22,20],
			[24,27,26],
			[28,31,30],
			[26,31,30],
			[24,29,28],
			[25,31,29],
			[24,30,28],
			[40,42,43]
		],
		"name": "911.json"
	}
}
