{
	"parsed": {
		"vertexArray": [
			[0.025,0.600937,0.025],
			[0.975,0.600937,0.025],
			[0.975,0.636563,0.025],
			[0.025,0.636563,0.025],
			[0.025,0.600937,0.5],
			[0.975,0.600937,0.5],
			[0.975,0.636563,0.5],
			[0.025,0.636563,0.5],
			[0.0725,0.025,0.42875],
			[0.09625,0.025,0.42875],
			[0.09625,0.61875,0.42875],
			[0.0725,0.61875,0.42875],
			[0.0725,0.025,0.4525],
			[0.09625,0.025,0.4525],
			[0.09625,0.61875,0.4525],
			[0.0725,0.61875,0.4525],
			[0.90375,0.025,0.42875],
			[0.9275,0.025,0.42875],
			[0.9275,0.61875,0.42875],
			[0.90375,0.61875,0.42875],
			[0.90375,0.025,0.4525],
			[0.9275,0.025,0.4525],
			[0.9275,0.61875,0.4525],
			[0.90375,0.61875,0.4525],
			[0.0725,0.025,0.0725],
			[0.09625,0.025,0.0725],
			[0.09625,0.61875,0.0725],
			[0.0725,0.61875,0.0725],
			[0.0725,0.025,0.09625],
			[0.09625,0.025,0.09625],
			[0.09625,0.61875,0.09625],
			[0.0725,0.61875,0.09625],
			[0.90375,0.025,0.0725],
			[0.9275,0.025,0.0725],
			[0.9275,0.61875,0.0725],
			[0.90375,0.61875,0.0725],
			[0.90375,0.025,0.09625],
			[0.9275,0.025,0.09625],
			[0.9275,0.61875,0.09625],
			[0.90375,0.61875,0.09625]
		],
		"faceArray": [
			[0,3,1],
			[1,3,2],
			[0,5,4],
			[0,1,5],
			[0,4,3],
			[3,4,7],
			[3,7,6],
			[3,6,2],
			[1,6,5],
			[1,2,6],
			[5,7,4],
			[5,6,7],
			[8,11,9],
			[9,11,10],
			[8,13,12],
			[8,9,13],
			[8,12,11],
			[11,12,15],
			[11,15,14],
			[11,14,10],
			[9,14,13],
			[9,10,14],
			[13,15,12],
			[13,14,15],
			[16,19,17],
			[17,19,18],
			[16,21,20],
			[16,17,21],
			[16,20,19],
			[19,20,23],
			[19,23,22],
			[19,22,18],
			[17,22,21],
			[17,18,22],
			[21,23,20],
			[21,22,23],
			[24,27,25],
			[25,27,26],
			[24,29,28],
			[24,25,29],
			[24,28,27],
			[27,28,31],
			[27,31,30],
			[27,30,26],
			[25,30,29],
			[25,26,30],
			[29,31,28],
			[29,30,31],
			[32,35,33],
			[33,35,34],
			[32,37,36],
			[32,33,37],
			[32,36,35],
			[35,36,39],
			[35,39,38],
			[35,38,34],
			[33,38,37],
			[33,34,38],
			[37,39,36],
			[37,38,39]
		],
		"name": "915.json"
	}
}
