{
	"parsed": {
		"vertexArray": [
			[0.884283,0.535625,0.75595],
			[0.884283,0.464375,0.75595],
			[0.5,0.464375,0.476752],
			[0.5,0.535625,0.476752],
			[0.646783,0.535625,0.928504],
			[0.646783,0.464375,0.928504],
			[0.353217,0.535625,0.928504],
			[0.353217,0.464375,0.928504],
			[0.115717,0.535625,0.75595],
			[0.115717,0.464375,0.75595],
			[0.025,0.535625,0.476752],
			[0.025,0.464375,0.476752],
			[0.115717,0.535625,0.197554],
			[0.115717,0.464375,0.197554],
			[0.353217,0.535625,0.025],
			[0.353217,0.464375,0.025],
			[0.646783,0.535625,0.025],
			[0.646783,0.464375,0.025],
			[0.884283,0.535625,0.197554],
			[0.884283,0.464375,0.197554],
			[0.975,0.535625,0.476752],
			[0.975,0.464375,0.476752],
			[0.701875,0.025,0.678627],
			[0.773125,0.025,0.678627],
			[0.773125,0.5,0.678627],
			[0.701875,0.5,0.678627],
			[0.701875,0.025,0.749877],
			[0.773125,0.025,0.749877],
			[0.773125,0.5,0.749877],
			[0.701875,0.5,0.749877],
			[0.226875,0.025,0.678627],
			[0.298125,0.025,0.678627],
			[0.298125,0.5,0.678627],
			[0.226875,0.5,0.678627],
			[0.226875,0.025,0.749877],
			[0.298125,0.025,0.749877],
			[0.298125,0.5,0.749877],
			[0.226875,0.5,0.749877],
			[0.226875,0.025,0.203627],
			[0.298125,0.025,0.203627],
			[0.298125,0.5,0.203627],
			[0.226875,0.5,0.203627],
			[0.226875,0.025,0.274877],
			[0.298125,0.025,0.274877],
			[0.298125,0.5,0.274877],
			[0.226875,0.5,0.274877],
			[0.701875,0.025,0.203627],
			[0.773125,0.025,0.203627],
			[0.773125,0.5,0.203627],
			[0.701875,0.5,0.203627],
			[0.701875,0.025,0.274877],
			[0.773125,0.025,0.274877],
			[0.773125,0.5,0.274877],
			[0.701875,0.5,0.274877]
		],
		"faceArray": [
			[20,0,21],
			[0,1,21],
			[2,21,1],
			[3,0,20],
			[0,4,1],
			[4,5,1],
			[2,1,5],
			[3,4,0],
			[4,6,5],
			[6,7,5],
			[2,5,7],
			[3,6,4],
			[6,8,7],
			[8,9,7],
			[2,7,9],
			[3,8,6],
			[8,10,9],
			[10,11,9],
			[2,9,11],
			[3,10,8],
			[10,12,11],
			[12,13,11],
			[2,11,13],
			[3,12,10],
			[12,14,13],
			[14,15,13],
			[2,13,15],
			[3,14,12],
			[14,16,15],
			[16,17,15],
			[2,15,17],
			[3,16,14],
			[16,18,17],
			[18,19,17],
			[2,17,19],
			[3,18,16],
			[18,20,19],
			[20,21,19],
			[2,19,21],
			[3,20,18],
			[22,25,23],
			[23,25,24],
			[22,27,26],
			[22,23,27],
			[22,26,25],
			[25,26,29],
			[25,29,28],
			[25,28,24],
			[23,28,27],
			[23,24,28],
			[27,29,26],
			[27,28,29],
			[30,33,31],
			[31,33,32],
			[30,35,34],
			[30,31,35],
			[30,34,33],
			[33,34,37],
			[33,37,36],
			[33,36,32],
			[31,36,35],
			[31,32,36],
			[35,37,34],
			[35,36,37],
			[38,41,39],
			[39,41,40],
			[38,43,42],
			[38,39,43],
			[38,42,41],
			[41,42,45],
			[41,45,44],
			[41,44,40],
			[39,44,43],
			[39,40,44],
			[43,45,42],
			[43,44,45],
			[46,49,47],
			[47,49,48],
			[46,51,50],
			[46,47,51],
			[46,50,49],
			[49,50,53],
			[49,53,52],
			[49,52,48],
			[47,52,51],
			[47,48,52],
			[51,53,50],
			[51,52,53]
		],
		"name": "922.json"
	}
}
