{
	"parsed": {
		"vertexArray": [
			[0.5,0.0725,0.476752],
			[0.692142,0.025,0.616351],
			[0.5,0.025,0.476752],
			[0.573392,0.025,0.702628],
			[0.426608,0.025,0.702628],
			[0.307858,0.025,0.616351],
			[0.2625,0.025,0.476752],
			[0.307858,0.025,0.337153],
			[0.426608,0.025,0.250876],
			[0.573392,0.025,0.250876],
			[0.692142,0.025,0.337153],
			[0.7375,0.025,0.476752],
			[0.5475,0.535625,0.476752],
			[0.538428,0.535625,0.504672],
			[0.5475,0.060625,0.476752],
			[0.538428,0.060625,0.504672],
			[0.5,0.060625,0.476752],
			[0.5,0.535625,0.476752],
			[0.514678,0.535625,0.521927],
			[0.514678,0.060625,0.521927],
			[0.485322,0.535625,0.521927],
			[0.485322,0.060625,0.521927],
			[0.461572,0.535625,0.504672],
			[0.461572,0.060625,0.504672],
			[0.4525,0.535625,0.476752],
			[0.4525,0.060625,0.476752],
			[0.461572,0.535625,0.448832],
			[0.461572,0.060625,0.448832],
			[0.485322,0.535625,0.431577],
			[0.485322,0.060625,0.431577],
			[0.514678,0.535625,0.431577],
			[0.514678,0.060625,0.431577],
			[0.538428,0.535625,0.448832],
			[0.538428,0.060625,0.448832],
			[0.884283,0.559375,0.75595],
			[0.884283,0.535625,0.75595],
			[0.5,0.559375,0.476752],
			[0.646783,0.559375,0.928504],
			[0.646783,0.535625,0.928504],
			[0.353217,0.559375,0.928504],
			[0.353217,0.535625,0.928504],
			[0.115717,0.559375,0.75595],
			[0.115717,0.535625,0.75595],
			[0.025,0.559375,0.476752],
			[0.025,0.535625,0.476752],
			[0.115717,0.559375,0.197554],
			[0.115717,0.535625,0.197554],
			[0.353217,0.559375,0.025],
			[0.353217,0.535625,0.025],
			[0.646783,0.559375,0.025],
			[0.646783,0.535625,0.025],
			[0.884283,0.559375,0.197554],
			[0.884283,0.535625,0.197554],
			[0.975,0.559375,0.476752],
			[0.975,0.535625,0.476752]
		],
		"faceArray": [
			[0,1,11],
			[2,11,1],
			[0,3,1],
			[2,1,3],
			[0,4,3],
			[2,3,4],
			[0,5,4],
			[2,4,5],
			[0,6,5],
			[2,5,6],
			[0,7,6],
			[2,6,7],
			[0,8,7],
			[2,7,8],
			[0,9,8],
			[2,8,9],
			[0,10,9],
			[2,9,10],
			[0,11,10],
			[2,10,11],
			[12,13,14],
			[13,15,14],
			[16,14,15],
			[17,13,12],
			[13,18,15],
			[18,19,15],
			[16,15,19],
			[17,18,13],
			[18,20,19],
			[20,21,19],
			[16,19,21],
			[17,20,18],
			[20,22,21],
			[22,23,21],
			[16,21,23],
			[17,22,20],
			[22,24,23],
			[24,25,23],
			[16,23,25],
			[17,24,22],
			[24,26,25],
			[26,27,25],
			[16,25,27],
			[17,26,24],
			[26,28,27],
			[28,29,27],
			[16,27,29],
			[17,28,26],
			[28,30,29],
			[30,31,29],
			[16,29,31],
			[17,30,28],
			[30,32,31],
			[32,33,31],
			[16,31,33],
			[17,32,30],
			[32,12,33],
			[12,14,33],
			[16,33,14],
			[17,12,32],
			[53,34,54],
			[34,35,54],
			[17,54,35],
			[36,34,53],
			[34,37,35],
			[37,38,35],
			[17,35,38],
			[36,37,34],
			[37,39,38],
			[39,40,38],
			[17,38,40],
			[36,39,37],
			[39,41,40],
			[41,42,40],
			[17,40,42],
			[36,41,39],
			[41,43,42],
			[43,44,42],
			[17,42,44],
			[36,43,41],
			[43,45,44],
			[45,46,44],
			[17,44,46],
			[36,45,43],
			[45,47,46],
			[47,48,46],
			[17,46,48],
			[36,47,45],
			[47,49,48],
			[49,50,48],
			[17,48,50],
			[36,49,47],
			[49,51,50],
			[51,52,50],
			[17,50,52],
			[36,51,49],
			[51,53,52],
			[53,54,52],
			[17,52,54],
			[36,53,51]
		],
		"name": "933.json"
	}
}
