{
	"parsed": {
		"vertexArray": [
			[0.325481,0.025,0.0777778],
			[0.674519,0.025,0.0777778],
			[0.922222,0.025,0.325481],
			[0.922222,0.025,0.674519],
			[0.674519,0.025,0.922222],
			[0.325481,0.025,0.922222],
			[0.0777778,0.025,0.674519],
			[0.0777778,0.025,0.325481],
			[0.325481,0.112963,0.0777778],
			[0.674519,0.112963,0.0777778],
			[0.922222,0.112963,0.325481],
			[0.922222,0.112963,0.674519],
			[0.674519,0.112963,0.922222],
			[0.325481,0.112963,0.922222],
			[0.0777778,0.112963,0.674519],
			[0.0777778,0.112963,0.325481],
			[0.390926,0.200926,0.236111],
			[0.609074,0.200926,0.236111],
			[0.763889,0.200926,0.390926],
			[0.763889,0.200926,0.609074],
			[0.609074,0.200926,0.763889],
			[0.390926,0.200926,0.763889],
			[0.236111,0.200926,0.609074],
			[0.236111,0.200926,0.390926],
			[0.412741,0.288889,0.288889],
			[0.587259,0.288889,0.288889],
			[0.711111,0.288889,0.412741],
			[0.711111,0.288889,0.587259],
			[0.587259,0.288889,0.711111],
			[0.412741,0.288889,0.711111],
			[0.288889,0.288889,0.587259],
			[0.288889,0.288889,0.412741],
			[0.45637,0.552778,0.394444],
			[0.54363,0.552778,0.394444],
			[0.605556,0.552778,0.45637],
			[0.605556,0.552778,0.54363],
			[0.54363,0.552778,0.605556],
			[0.45637,0.552778,0.605556],
			[0.394444,0.552778,0.54363],
			[0.394444,0.552778,0.45637],
			[0.434556,0.640741,0.341667],
			[0.565444,0.640741,0.341667],
			[0.658333,0.640741,0.434556],
			[0.658333,0.640741,0.565444],
			[0.565444,0.640741,0.658333],
			[0.434556,0.640741,0.658333],
			[0.341667,0.640741,0.565444],
			[0.341667,0.640741,0.434556],
			[0.303667,0.675926,0.025],
			[0.696333,0.675926,0.025],
			[0.975,0.675926,0.303667],
			[0.975,0.675926,0.696333],
			[0.696333,0.675926,0.975],
			[0.303667,0.675926,0.975],
			[0.025,0.675926,0.696333],
			[0.025,0.675926,0.303667],
			[0.303667,0.728704,0.025],
			[0.696333,0.728704,0.025],
			[0.975,0.728704,0.303667],
			[0.975,0.728704,0.696333],
			[0.696333,0.728704,0.975],
			[0.303667,0.728704,0.975],
			[0.025,0.728704,0.696333],
			[0.025,0.728704,0.303667],
			[0.412741,0.763889,0.288889],
			[0.587259,0.763889,0.288889],
			[0.711111,0.763889,0.412741],
			[0.711111,0.763889,0.587259],
			[0.587259,0.763889,0.711111],
			[0.412741,0.763889,0.711111],
			[0.288889,0.763889,0.587259],
			[0.288889,0.763889,0.412741]
		],
		"faceArray": [
			[2,1,0],
			[3,2,0],
			[4,3,0],
			[5,4,0],
			[6,5,0],
			[7,6,0],
			[0,9,8],
			[0,1,9],
			[1,10,9],
			[1,2,10],
			[2,11,10],
			[2,3,11],
			[3,12,11],
			[3,4,12],
			[4,13,12],
			[4,5,13],
			[5,14,13],
			[5,6,14],
			[6,15,14],
			[6,7,15],
			[7,8,15],
			[7,0,8],
			[8,17,16],
			[8,9,17],
			[9,18,17],
			[9,10,18],
			[10,19,18],
			[10,11,19],
			[11,20,19],
			[11,12,20],
			[12,21,20],
			[12,13,21],
			[13,22,21],
			[13,14,22],
			[14,23,22],
			[14,15,23],
			[15,16,23],
			[15,8,16],
			[16,25,24],
			[16,17,25],
			[17,26,25],
			[17,18,26],
			[18,27,26],
			[18,19,27],
			[19,28,27],
			[19,20,28],
			[20,29,28],
			[20,21,29],
			[21,30,29],
			[21,22,30],
			[22,31,30],
			[22,23,31],
			[23,24,31],
			[23,16,24],
			[24,33,32],
			[24,25,33],
			[25,34,33],
			[25,26,34],
			[26,35,34],
			[26,27,35],
			[27,36,35],
			[27,28,36],
			[28,37,36],
			[28,29,37],
			[29,38,37],
			[29,30,38],
			[30,39,38],
			[30,31,39],
			[31,32,39],
			[31,24,32],
			[32,41,40],
			[32,33,41],
			[33,42,41],
			[33,34,42],
			[34,43,42],
			[34,35,43],
			[35,44,43],
			[35,36,44],
			[36,45,44],
			[36,37,45],
			[37,46,45],
			[37,38,46],
			[38,47,46],
			[38,39,47],
			[39,40,47],
			[39,32,40],
			[40,49,48],
			[40,41,49],
			[41,50,49],
			[41,42,50],
			[42,51,50],
			[42,43,51],
			[43,52,51],
			[43,44,52],
			[44,53,52],
			[44,45,53],
			[45,54,53],
			[45,46,54],
			[46,55,54],
			[46,47,55],
			[47,48,55],
			[47,40,48],
			[48,57,56],
			[48,49,57],
			[49,58,57],
			[49,50,58],
			[50,59,58],
			[50,51,59],
			[51,60,59],
			[51,52,60],
			[52,61,60],
			[52,53,61],
			[53,62,61],
			[53,54,62],
			[54,63,62],
			[54,55,63],
			[55,56,63],
			[55,48,56],
			[56,65,64],
			[56,57,65],
			[57,66,65],
			[57,58,66],
			[58,67,66],
			[58,59,67],
			[59,68,67],
			[59,60,68],
			[60,69,68],
			[60,61,69],
			[61,70,69],
			[61,62,70],
			[62,71,70],
			[62,63,71],
			[63,64,71],
			[63,56,64],
			[64,65,66],
			[64,66,67],
			[64,67,68],
			[64,68,69],
			[64,69,70],
			[64,70,71]
		],
		"name": "937.json"
	}
}
