{
	"parsed": {
		"vertexArray": [
			[0.784988,0.975,0.0250187],
			[0.784988,0.0250127,0.025002],
			[0.784987,0.974987,0.278346],
			[0.784987,0.025,0.278329],
			[0.771793,0.961806,0.0382121],
			[0.771793,0.038207,0.0381969],
			[0.771793,0.961793,0.278346],
			[0.771793,0.0381943,0.278331],
			[0.038195,0.961806,0.0382101],
			[0.038195,0.038207,0.0381949],
			[0.0381943,0.961793,0.278344],
			[0.0381943,0.0381943,0.278329],
			[0.0250007,0.975,0.0250166],
			[0.0250007,0.0250127,0.025],
			[0.025,0.974987,0.278344],
			[0.025,0.025,0.278327],
			[0.433368,0.134823,0.29163],
			[0.433368,0.134823,0.323297],
			[0.433369,0.0714905,0.323293],
			[0.433369,0.0714905,0.291626],
			[0.433368,0.130073,0.29163],
			[0.433368,0.130073,0.318547],
			[0.433369,0.0762404,0.318545],
			[0.433369,0.0762404,0.291628],
			[0.42809,0.134823,0.29163],
			[0.428091,0.134823,0.323297],
			[0.428091,0.0714905,0.323295],
			[0.428091,0.0714905,0.291628],
			[0.428091,0.0762404,0.291628],
			[0.428091,0.0762404,0.318545],
			[0.428091,0.130073,0.318547],
			[0.42809,0.130073,0.29163],
			[0.383019,0.134823,0.29163],
			[0.383019,0.134823,0.323297],
			[0.38302,0.0714905,0.323292],
			[0.38302,0.0714905,0.291626],
			[0.383019,0.130073,0.29163],
			[0.383019,0.130073,0.318547],
			[0.38302,0.0762404,0.318545],
			[0.38302,0.0762404,0.291628],
			[0.377741,0.134823,0.29163],
			[0.377741,0.134823,0.323297],
			[0.377742,0.0714905,0.323294],
			[0.377742,0.0714905,0.291628],
			[0.377742,0.0762404,0.291628],
			[0.377742,0.0762404,0.318545],
			[0.377741,0.130073,0.318547],
			[0.377741,0.130073,0.29163],
			[0.78121,0.0292285,0.291562],
			[0.78121,0.970771,0.291562],
			[0.78121,0.0292285,0.278367],
			[0.78121,0.970771,0.278367],
			[0.406759,0.0292285,0.291561],
			[0.406759,0.970771,0.291561],
			[0.406759,0.0292285,0.278366],
			[0.406759,0.970771,0.278366],
			[0.404368,0.0292285,0.278366],
			[0.404368,0.970771,0.278366],
			[0.0285656,0.970771,0.278365],
			[0.0285656,0.0292285,0.278365],
			[0.0285656,0.970771,0.29156],
			[0.0285656,0.0292285,0.29156],
			[0.404368,0.970771,0.291561],
			[0.404368,0.0292285,0.291561]
		],
		"faceArray": [
			[13,15,14],
			[12,13,14],
			[1,13,12],
			[0,1,12],
			[3,1,0],
			[2,3,0],
			[12,14,2],
			[0,12,2],
			[15,13,1],
			[3,15,1],
			[11,9,8],
			[10,11,8],
			[9,5,4],
			[8,9,4],
			[5,7,6],
			[4,5,6],
			[10,8,4],
			[6,10,4],
			[9,11,7],
			[5,9,7],
			[15,11,10],
			[14,15,10],
			[2,6,7],
			[3,2,7],
			[14,10,6],
			[2,14,6],
			[3,7,11],
			[15,3,11],
			[24,25,17],
			[16,24,17],
			[25,26,18],
			[17,25,18],
			[26,27,19],
			[18,26,19],
			[27,28,23],
			[19,27,23],
			[28,29,22],
			[23,28,22],
			[29,30,21],
			[22,29,21],
			[30,31,20],
			[21,30,20],
			[31,24,16],
			[20,31,16],
			[21,20,16],
			[19,23,22],
			[18,19,22],
			[18,22,21],
			[17,18,21],
			[17,21,16],
			[30,25,24],
			[31,30,24],
			[29,26,25],
			[30,29,25],
			[28,27,26],
			[29,28,26],
			[40,41,33],
			[32,40,33],
			[41,42,34],
			[33,41,34],
			[42,43,35],
			[34,42,35],
			[43,44,39],
			[35,43,39],
			[44,45,38],
			[39,44,38],
			[45,46,37],
			[38,45,37],
			[46,47,36],
			[37,46,36],
			[47,40,32],
			[36,47,32],
			[37,36,32],
			[35,39,38],
			[34,35,38],
			[34,38,37],
			[33,34,37],
			[33,37,32],
			[46,41,40],
			[47,46,40],
			[45,42,41],
			[46,45,41],
			[44,43,42],
			[45,44,42],
			[55,51,50],
			[54,55,50],
			[53,55,54],
			[52,53,54],
			[49,53,52],
			[48,49,52],
			[51,49,48],
			[50,51,48],
			[52,54,50],
			[48,52,50],
			[55,53,49],
			[51,55,49],
			[58,57,56],
			[59,58,56],
			[60,58,59],
			[61,60,59],
			[62,60,61],
			[63,62,61],
			[57,62,63],
			[56,57,63],
			[61,59,56],
			[63,61,56],
			[58,60,62],
			[57,58,62]
		],
		"name": "957.json"
	}
}
