{
	"parsed": {
		"vertexArray": [
			[0.975,0.618772,0.0250338],
			[0.975,0.0250238,0.0250025],
			[0.974999,0.618749,0.500032],
			[0.974999,0.025,0.500001],
			[0.95026,0.594033,0.049772],
			[0.95026,0.0497636,0.0497434],
			[0.950259,0.594009,0.500032],
			[0.950259,0.0497399,0.500005],
			[0.0497411,0.594033,0.0497696],
			[0.0497411,0.0497636,0.049741],
			[0.0497399,0.594009,0.50003],
			[0.0497399,0.0497399,0.500002],
			[0.0250013,0.618772,0.0250313],
			[0.0250013,0.0250238,0.025],
			[0.025,0.618749,0.50003],
			[0.025,0.025,0.499998],
			[0.553203,0.230923,0.524941],
			[0.553203,0.230923,0.584317],
			[0.553205,0.112171,0.584309],
			[0.553204,0.112171,0.524934],
			[0.553203,0.222016,0.524941],
			[0.553203,0.222016,0.575411],
			[0.553205,0.121078,0.575407],
			[0.553204,0.121078,0.524937],
			[0.543307,0.230923,0.524941],
			[0.543307,0.230923,0.584317],
			[0.543309,0.112171,0.584313],
			[0.543308,0.112171,0.524937],
			[0.543308,0.121078,0.524937],
			[0.543309,0.121078,0.575407],
			[0.543307,0.222016,0.575411],
			[0.543307,0.222016,0.524941],
			[0.458796,0.230923,0.524941],
			[0.458797,0.230923,0.584317],
			[0.458798,0.112171,0.584309],
			[0.458798,0.112171,0.524933],
			[0.458796,0.222016,0.524941],
			[0.458797,0.222016,0.57541],
			[0.458798,0.121078,0.575406],
			[0.458798,0.121078,0.524937],
			[0.4489,0.230923,0.524941],
			[0.448901,0.230923,0.584317],
			[0.448902,0.112171,0.584313],
			[0.448902,0.112171,0.524937],
			[0.448902,0.121078,0.524937],
			[0.448902,0.121078,0.575406],
			[0.448901,0.222016,0.57541],
			[0.4489,0.222016,0.524941],
			[0.967917,0.0329286,0.524812],
			[0.967917,0.610844,0.524812],
			[0.967917,0.0329286,0.500072],
			[0.967917,0.610844,0.500072],
			[0.50331,0.0329286,0.524811],
			[0.50331,0.610844,0.524811],
			[0.50331,0.0329286,0.500071],
			[0.50331,0.610844,0.500071],
			[0.498826,0.0329286,0.500071],
			[0.498826,0.610844,0.500071],
			[0.0316857,0.610844,0.50007],
			[0.0316857,0.0329286,0.50007],
			[0.0316856,0.610844,0.524809],
			[0.0316856,0.0329286,0.524809],
			[0.498826,0.610844,0.524811],
			[0.498826,0.0329286,0.524811]
		],
		"faceArray": [
			[13,15,14],
			[12,13,14],
			[1,13,12],
			[0,1,12],
			[3,1,0],
			[2,3,0],
			[12,14,2],
			[0,12,2],
			[15,13,1],
			[3,15,1],
			[11,9,8],
			[10,11,8],
			[9,5,4],
			[8,9,4],
			[5,7,6],
			[4,5,6],
			[10,8,4],
			[6,10,4],
			[9,11,7],
			[5,9,7],
			[15,11,10],
			[14,15,10],
			[2,6,7],
			[3,2,7],
			[14,10,6],
			[2,14,6],
			[3,7,11],
			[15,3,11],
			[24,25,17],
			[16,24,17],
			[25,26,18],
			[17,25,18],
			[26,27,19],
			[18,26,19],
			[27,28,23],
			[19,27,23],
			[28,29,22],
			[23,28,22],
			[29,30,21],
			[22,29,21],
			[30,31,20],
			[21,30,20],
			[31,24,16],
			[20,31,16],
			[21,20,16],
			[19,23,22],
			[18,19,22],
			[18,22,21],
			[17,18,21],
			[17,21,16],
			[30,25,24],
			[31,30,24],
			[29,26,25],
			[30,29,25],
			[28,27,26],
			[29,28,26],
			[40,41,33],
			[32,40,33],
			[41,42,34],
			[33,41,34],
			[42,43,35],
			[34,42,35],
			[43,44,39],
			[35,43,39],
			[44,45,38],
			[39,44,38],
			[45,46,37],
			[38,45,37],
			[46,47,36],
			[37,46,36],
			[47,40,32],
			[36,47,32],
			[37,36,32],
			[35,39,38],
			[34,35,38],
			[34,38,37],
			[33,34,37],
			[33,37,32],
			[46,41,40],
			[47,46,40],
			[45,42,41],
			[46,45,41],
			[44,43,42],
			[45,44,42],
			[55,51,50],
			[54,55,50],
			[53,55,54],
			[52,53,54],
			[49,53,52],
			[48,49,52],
			[51,49,48],
			[50,51,48],
			[52,54,50],
			[48,52,50],
			[55,53,49],
			[51,55,49],
			[58,57,56],
			[59,58,56],
			[60,58,59],
			[61,60,59],
			[62,60,61],
			[63,62,61],
			[57,62,63],
			[56,57,63],
			[61,59,56],
			[63,61,56],
			[58,60,62],
			[57,58,62]
		],
		"name": "958.json"
	}
}
