{
	"parsed": {
		"vertexArray": [
			[0.448757,0.158649,0.844517],
			[0.746542,0.158649,0.179118],
			[0.746542,0.766143,0.179118],
			[0.448757,0.766143,0.844517],
			[0.670557,0.158649,0.943779],
			[0.968342,0.158649,0.27838],
			[0.968342,0.766143,0.27838],
			[0.670557,0.766143,0.943779],
			[0.025,0.207248,0.601679],
			[0.28308,0.207248,0.025],
			[0.28308,0.717544,0.025],
			[0.025,0.717544,0.601679],
			[0.601679,0.207248,0.859759],
			[0.859759,0.207248,0.28308],
			[0.859759,0.717544,0.28308],
			[0.601679,0.717544,0.859759],
			[0.216667,0.136981,0.580908],
			[0.395338,0.136981,0.181669],
			[0.404195,0.233695,0.185633],
			[0.225524,0.233695,0.584872],
			[0.658049,0.0884628,0.77844],
			[0.836721,0.0884628,0.379201],
			[0.845578,0.185176,0.383165],
			[0.666907,0.185176,0.782404],
			[0.945798,0.158649,0.310919],
			[0.961679,0.158649,0.275431],
			[0.961679,0.766143,0.275431],
			[0.945798,0.766143,0.310919],
			[0.959105,0.158649,0.316875],
			[0.974987,0.158649,0.281387],
			[0.974987,0.766143,0.281387],
			[0.959105,0.766143,0.316875],
			[0.663881,0.158649,0.940808],
			[0.679763,0.158649,0.90532],
			[0.679763,0.766143,0.90532],
			[0.663881,0.766143,0.940808],
			[0.677189,0.158649,0.946764],
			[0.693071,0.158649,0.911276],
			[0.693071,0.766143,0.911276],
			[0.677189,0.766143,0.946764],
			[0.663907,0.727264,0.940839],
			[0.961692,0.727264,0.27544],
			[0.961692,0.766143,0.27544],
			[0.663907,0.766143,0.940839],
			[0.677215,0.727264,0.946794],
			[0.975,0.727264,0.281396],
			[0.975,0.766143,0.281396],
			[0.677215,0.766143,0.946794],
			[0.663907,0.158649,0.940839],
			[0.961692,0.158649,0.27544],
			[0.961692,0.197528,0.27544],
			[0.663907,0.197528,0.940839],
			[0.677215,0.158649,0.946794],
			[0.975,0.158649,0.281396],
			[0.975,0.197528,0.281396],
			[0.677215,0.197528,0.946794],
			[0.181733,0.025,0.578619],
			[0.37033,0.025,0.1572],
			[0.37033,0.0638796,0.1572],
			[0.181733,0.0638796,0.578619],
			[0.603152,0.025,0.767216],
			[0.791749,0.025,0.345797],
			[0.791749,0.0638796,0.345797],
			[0.603152,0.0638796,0.767216]
		],
		"faceArray": [
			[0,3,1],
			[1,3,2],
			[0,5,4],
			[0,1,5],
			[0,4,3],
			[3,4,7],
			[3,7,6],
			[3,6,2],
			[1,6,5],
			[1,2,6],
			[5,7,4],
			[5,6,7],
			[8,11,9],
			[9,11,10],
			[8,13,12],
			[8,9,13],
			[8,12,11],
			[11,12,15],
			[11,15,14],
			[11,14,10],
			[9,14,13],
			[9,10,14],
			[13,15,12],
			[13,14,15],
			[16,19,17],
			[17,19,18],
			[16,21,20],
			[16,17,21],
			[16,20,19],
			[19,20,23],
			[19,23,22],
			[19,22,18],
			[17,22,21],
			[17,18,22],
			[21,23,20],
			[21,22,23],
			[24,27,25],
			[25,27,26],
			[24,29,28],
			[24,25,29],
			[24,28,27],
			[27,28,31],
			[27,31,30],
			[27,30,26],
			[25,30,29],
			[25,26,30],
			[29,31,28],
			[29,30,31],
			[32,35,33],
			[33,35,34],
			[32,37,36],
			[32,33,37],
			[32,36,35],
			[35,36,39],
			[35,39,38],
			[35,38,34],
			[33,38,37],
			[33,34,38],
			[37,39,36],
			[37,38,39],
			[40,43,41],
			[41,43,42],
			[40,45,44],
			[40,41,45],
			[40,44,43],
			[43,44,47],
			[43,47,46],
			[43,46,42],
			[41,46,45],
			[41,42,46],
			[45,47,44],
			[45,46,47],
			[48,51,49],
			[49,51,50],
			[48,53,52],
			[48,49,53],
			[48,52,51],
			[51,52,55],
			[51,55,54],
			[51,54,50],
			[49,54,53],
			[49,50,54],
			[53,55,52],
			[53,54,55],
			[56,59,57],
			[57,59,58],
			[56,61,60],
			[56,57,61],
			[56,60,59],
			[59,60,63],
			[59,63,62],
			[59,62,58],
			[57,62,61],
			[57,58,62],
			[61,63,60],
			[61,62,63]
		],
		"name": "550.json"
	}
}
