{
	"parsed": {
		"vertexArray": [
			[0.0713209,0.025,0.096646],
			[0.096646,0.025,0.096646],
			[0.100518,0.3721,0.100519],
			[0.0674477,0.3721,0.100519],
			[0.096646,0.025,0.0713209],
			[0.0713209,0.025,0.0713209],
			[0.0674477,0.3721,0.0674477],
			[0.100518,0.3721,0.0674477],
			[0.52836,0.3721,0.0674477],
			[0.52836,0.3721,0.100519],
			[0.524487,0.025,0.096646],
			[0.524487,0.025,0.0713209],
			[0.495289,0.3721,0.100519],
			[0.495289,0.3721,0.0674477],
			[0.499162,0.025,0.0713209],
			[0.499162,0.025,0.096646],
			[0.524487,0.025,0.90335],
			[0.499162,0.025,0.90335],
			[0.495289,0.3721,0.899479],
			[0.52836,0.3721,0.899479],
			[0.499162,0.025,0.928675],
			[0.524487,0.025,0.928675],
			[0.52836,0.3721,0.932546],
			[0.495289,0.3721,0.932546],
			[0.0674477,0.3721,0.932546],
			[0.0674477,0.3721,0.899479],
			[0.0713209,0.025,0.90335],
			[0.0713209,0.025,0.928675],
			[0.100518,0.3721,0.899479],
			[0.100518,0.3721,0.932546],
			[0.096646,0.025,0.928675],
			[0.096646,0.025,0.90335],
			[0.025,0.440659,0.975],
			[0.570807,0.440659,0.975],
			[0.570807,0.440659,0.025],
			[0.025,0.440659,0.025],
			[0.0391557,0.410344,0.960844],
			[0.025,0.410344,0.975],
			[0.025,0.410344,0.025],
			[0.0391557,0.410344,0.0391564],
			[0.570807,0.410344,0.025],
			[0.556652,0.410344,0.0391564],
			[0.570807,0.410344,0.975],
			[0.556652,0.410344,0.960844],
			[0.0391557,0.3721,0.960844],
			[0.0391557,0.3721,0.0391564],
			[0.556652,0.3721,0.0391564],
			[0.556652,0.3721,0.960844]
		],
		"faceArray": [
			[0,1,2],
			[4,5,6],
			[5,4,1],
			[1,4,7],
			[5,0,3],
			[8,9,10],
			[12,13,14],
			[10,15,14],
			[13,8,11],
			[9,12,15],
			[16,17,18],
			[20,21,22],
			[21,20,17],
			[17,20,23],
			[21,16,19],
			[24,25,26],
			[28,29,30],
			[26,31,30],
			[29,24,27],
			[25,28,31],
			[32,33,34],
			[36,37,38],
			[39,38,40],
			[37,32,35],
			[38,35,34],
			[40,34,33],
			[41,40,42],
			[42,33,32],
			[43,42,37],
			[12,9,19],
			[3,2,28],
			[2,7,13],
			[44,36,39],
			[45,39,41],
			[46,41,43],
			[44,47,43],
			[45,7,6],
			[44,24,29],
			[18,23,29],
			[45,6,3],
			[9,8,46],
			[2,12,18],
			[46,8,13],
			[47,22,19],
			[45,46,13],
			[3,25,44],
			[25,24,44],
			[29,23,47],
			[23,22,47],
			[19,9,46],
			[0,2,3],
			[4,6,7],
			[5,1,0],
			[1,7,2],
			[5,3,6],
			[8,10,11],
			[12,14,15],
			[10,14,11],
			[13,11,14],
			[9,15,10],
			[16,18,19],
			[20,22,23],
			[21,17,16],
			[17,23,18],
			[21,19,22],
			[24,26,27],
			[28,30,31],
			[26,30,27],
			[29,27,30],
			[25,31,26],
			[32,34,35],
			[36,38,39],
			[39,40,41],
			[37,35,38],
			[38,34,40],
			[40,33,42],
			[41,42,43],
			[42,32,37],
			[43,37,36],
			[12,19,18],
			[3,28,25],
			[2,13,12],
			[44,39,45],
			[45,41,46],
			[46,43,47],
			[44,43,36],
			[18,29,28],
			[2,18,28],
			[45,13,7],
			[3,44,45],
			[29,47,44],
			[19,46,47]
		],
		"name": "870.json"
	}
}
